,Timestamp,Event Type,Parameter
0,2019-07-03 00:04:17.000,82,VC 17/36
1,2019-07-03 00:04:19.000,81,VC 17/36
2,2019-07-03 00:27:34.200,82,VC 17/36
3,2019-07-03 00:27:36.100,81,VC 17/36
4,2019-07-03 01:24:45.700,82,VC 17/36
7,2019-07-03 01:24:47.600,81,VC 17/36
8,2019-07-03 01:31:23.100,82,VC 17/36
11,2019-07-03 01:31:25.200,81,VC 17/36
12,2019-07-03 02:19:45.500,82,VC 17/36
15,2019-07-03 02:19:47.900,81,VC 17/36
16,2019-07-03 03:27:13.300,82,VC 17/36
17,2019-07-03 03:27:15.200,81,VC 17/36
18,2019-07-03 03:38:20.800,82,VC 17/36
19,2019-07-03 03:38:23.200,81,VC 17/36
20,2019-07-03 03:47:55.100,82,VC 17/36
23,2019-07-03 03:48:02.300,81,VC 17/36
24,2019-07-03 03:49:40.900,82,VC 17/36
25,2019-07-03 03:49:43.500,81,VC 17/36
26,2019-07-03 03:52:44.400,82,VC 17/36
27,2019-07-03 03:52:46.600,81,VC 17/36
28,2019-07-03 04:03:44.800,82,VC 17/36
31,2019-07-03 04:03:46.700,81,VC 17/36
32,2019-07-03 04:37:23.600,82,VC 17/36
33,2019-07-03 04:37:25.500,81,VC 17/36
34,2019-07-03 04:42:01.400,82,VC 17/36
37,2019-07-03 04:42:03.600,81,VC 17/36
38,2019-07-03 04:42:09.600,82,VC 17/36
41,2019-07-03 04:42:11.300,81,VC 17/36
42,2019-07-03 04:54:13.600,82,VC 17/36
43,2019-07-03 04:54:15.400,81,VC 17/36
44,2019-07-03 05:01:42.700,82,VC 17/36
45,2019-07-03 05:01:45.900,81,VC 17/36
46,2019-07-03 05:24:40.000,82,VC 17/36
47,2019-07-03 05:24:42.300,81,VC 17/36
48,2019-07-03 05:30:04.600,82,VC 17/36
51,2019-07-03 05:30:06.400,81,VC 17/36
52,2019-07-03 05:30:06.500,82,VC 17/36
53,2019-07-03 05:30:06.600,81,VC 17/36
54,2019-07-03 05:30:28.700,82,VC 17/36
55,2019-07-03 05:30:30.800,81,VC 17/36
56,2019-07-03 05:31:03.300,82,VC 17/36
59,2019-07-03 05:31:05.100,81,VC 17/36
60,2019-07-03 05:32:28.100,82,VC 17/36
63,2019-07-03 05:32:30.200,81,VC 17/36
64,2019-07-03 05:40:13.600,82,VC 17/36
65,2019-07-03 05:40:15.900,81,VC 17/36
66,2019-07-03 05:41:08.800,82,VC 17/36
69,2019-07-03 05:41:10.600,81,VC 17/36
70,2019-07-03 05:46:33.600,82,VC 17/36
71,2019-07-03 05:46:35.600,81,VC 17/36
72,2019-07-03 06:00:31.300,82,VC 17/36
73,2019-07-03 06:00:33.400,81,VC 17/36
74,2019-07-03 06:08:21.400,82,VC 17/36
75,2019-07-03 06:08:24.200,81,VC 17/36
76,2019-07-03 06:09:09.600,82,VC 17/36
77,2019-07-03 06:09:11.500,81,VC 17/36
78,2019-07-03 06:09:52.000,82,VC 17/36
79,2019-07-03 06:09:54.400,81,VC 17/36
80,2019-07-03 06:09:54.500,82,VC 17/36
81,2019-07-03 06:09:54.600,81,VC 17/36
82,2019-07-03 06:11:36.400,82,VC 17/36
83,2019-07-03 06:11:38.600,81,VC 17/36
84,2019-07-03 06:13:46.800,82,VC 17/36
87,2019-07-03 06:13:48.900,81,VC 17/36
88,2019-07-03 06:17:31.200,82,VC 17/36
89,2019-07-03 06:17:33.200,81,VC 17/36
90,2019-07-03 06:18:08.800,82,VC 17/36
91,2019-07-03 06:18:10.700,81,VC 17/36
92,2019-07-03 06:20:25.300,82,VC 17/36
93,2019-07-03 06:20:27.300,81,VC 17/36
94,2019-07-03 06:23:17.200,82,VC 17/36
95,2019-07-03 06:23:31.600,81,VC 17/36
96,2019-07-03 06:27:12.200,82,VC 17/36
99,2019-07-03 06:27:14.400,81,VC 17/36
100,2019-07-03 06:27:14.500,82,VC 17/36
101,2019-07-03 06:27:14.600,81,VC 17/36
102,2019-07-03 06:28:02.600,82,VC 17/36
105,2019-07-03 06:28:04.600,81,VC 17/36
106,2019-07-03 06:31:05.600,82,VC 17/36
109,2019-07-03 06:31:07.600,81,VC 17/36
110,2019-07-03 06:31:55.900,82,VC 17/36
111,2019-07-03 06:31:57.600,81,VC 17/36
112,2019-07-03 06:32:12.100,82,VC 17/36
113,2019-07-03 06:32:17.400,81,VC 17/36
114,2019-07-03 06:32:17.500,82,VC 17/36
115,2019-07-03 06:32:17.600,81,VC 17/36
116,2019-07-03 06:32:19.600,82,VC 17/36
117,2019-07-03 06:32:22.600,81,VC 17/36
118,2019-07-03 06:32:24.000,82,VC 17/36
119,2019-07-03 06:32:29.400,81,VC 17/36
120,2019-07-03 06:34:58.300,82,VC 17/36
123,2019-07-03 06:35:00.300,81,VC 17/36
124,2019-07-03 06:36:52.300,82,VC 17/36
125,2019-07-03 06:36:55.100,81,VC 17/36
126,2019-07-03 06:41:00.500,82,VC 17/36
127,2019-07-03 06:41:02.400,81,VC 17/36
128,2019-07-03 06:41:02.500,82,VC 17/36
129,2019-07-03 06:41:02.600,81,VC 17/36
130,2019-07-03 06:46:30.000,82,VC 17/36
131,2019-07-03 06:46:31.800,81,VC 17/36
132,2019-07-03 06:48:24.400,82,VC 17/36
133,2019-07-03 06:48:26.200,81,VC 17/36
134,2019-07-03 06:49:13.900,82,VC 17/36
137,2019-07-03 06:49:15.600,81,VC 17/36
138,2019-07-03 06:51:11.300,82,VC 17/36
139,2019-07-03 06:51:13.200,81,VC 17/36
140,2019-07-03 06:55:22.100,82,VC 17/36
141,2019-07-03 06:55:24.000,81,VC 17/36
142,2019-07-03 06:55:24.100,82,VC 17/36
143,2019-07-03 06:55:26.300,81,VC 17/36
144,2019-07-03 07:00:03.800,82,VC 17/36
145,2019-07-03 07:00:05.700,81,VC 17/36
146,2019-07-03 07:02:38.200,82,VC 17/36
149,2019-07-03 07:02:40.000,81,VC 17/36
150,2019-07-03 07:06:07.000,82,VC 17/36
151,2019-07-03 07:06:09.500,81,VC 17/36
152,2019-07-03 07:06:10.100,82,VC 17/36
153,2019-07-03 07:06:19.400,81,VC 17/36
154,2019-07-03 07:06:19.500,82,VC 17/36
155,2019-07-03 07:06:19.600,81,VC 17/36
156,2019-07-03 07:06:38.900,82,VC 17/36
157,2019-07-03 07:06:40.600,81,VC 17/36
158,2019-07-03 07:14:23.700,82,VC 17/36
159,2019-07-03 07:14:25.700,81,VC 17/36
160,2019-07-03 07:15:11.300,82,VC 17/36
161,2019-07-03 07:15:17.400,81,VC 17/36
162,2019-07-03 07:15:17.500,82,VC 17/36
163,2019-07-03 07:15:17.600,81,VC 17/36
164,2019-07-03 07:15:36.100,82,VC 17/36
165,2019-07-03 07:15:37.900,81,VC 17/36
166,2019-07-03 07:18:33.600,82,VC 17/36
167,2019-07-03 07:18:36.400,81,VC 17/36
168,2019-07-03 07:18:36.500,82,VC 17/36
169,2019-07-03 07:18:36.600,81,VC 17/36
170,2019-07-03 07:18:59.900,82,VC 17/36
171,2019-07-03 07:19:01.400,81,VC 17/36
172,2019-07-03 07:19:01.500,82,VC 17/36
173,2019-07-03 07:19:01.600,81,VC 17/36
174,2019-07-03 07:19:49.000,82,VC 17/36
175,2019-07-03 07:19:52.600,81,VC 17/36
176,2019-07-03 07:21:20.700,82,VC 17/36
179,2019-07-03 07:21:22.900,81,VC 17/36
180,2019-07-03 07:21:23.700,82,VC 17/36
181,2019-07-03 07:21:26.200,81,VC 17/36
182,2019-07-03 07:23:22.600,82,VC 17/36
183,2019-07-03 07:23:25.600,81,VC 17/36
184,2019-07-03 07:25:16.400,82,VC 17/36
187,2019-07-03 07:25:18.400,81,VC 17/36
188,2019-07-03 07:25:18.500,82,VC 17/36
189,2019-07-03 07:25:18.600,81,VC 17/36
190,2019-07-03 07:25:42.600,82,VC 17/36
191,2019-07-03 07:25:44.600,81,VC 17/36
192,2019-07-03 07:30:51.700,82,VC 17/36
193,2019-07-03 07:30:53.600,81,VC 17/36
194,2019-07-03 07:37:44.500,82,VC 17/36
195,2019-07-03 07:37:46.200,81,VC 17/36
196,2019-07-03 07:40:20.200,82,VC 17/36
197,2019-07-03 07:40:22.300,81,VC 17/36
198,2019-07-03 07:40:34.000,82,VC 17/36
201,2019-07-03 07:40:35.600,81,VC 17/36
202,2019-07-03 07:40:42.200,82,VC 17/36
205,2019-07-03 07:40:43.800,81,VC 17/36
206,2019-07-03 07:41:30.900,82,VC 17/36
209,2019-07-03 07:41:48.800,81,VC 17/36
210,2019-07-03 07:41:49.700,82,VC 17/36
211,2019-07-03 07:41:53.600,81,VC 17/36
212,2019-07-03 07:47:24.600,82,VC 17/36
213,2019-07-03 07:47:26.600,81,VC 17/36
214,2019-07-03 07:49:15.500,82,VC 17/36
215,2019-07-03 07:49:19.100,81,VC 17/36
216,2019-07-03 07:51:10.700,82,VC 17/36
217,2019-07-03 07:51:12.700,81,VC 17/36
218,2019-07-03 07:54:50.100,82,VC 17/36
219,2019-07-03 07:54:52.300,81,VC 17/36
220,2019-07-03 07:58:16.700,82,VC 17/36
221,2019-07-03 07:58:19.600,81,VC 17/36
222,2019-07-03 08:02:24.600,82,VC 17/36
223,2019-07-03 08:02:26.600,81,VC 17/36
224,2019-07-03 08:02:34.200,82,VC 17/36
225,2019-07-03 08:02:36.400,81,VC 17/36
226,2019-07-03 08:02:36.500,82,VC 17/36
227,2019-07-03 08:02:36.600,81,VC 17/36
228,2019-07-03 08:08:28.600,82,VC 17/36
229,2019-07-03 08:08:30.300,81,VC 17/36
230,2019-07-03 08:10:30.000,82,VC 17/36
231,2019-07-03 08:10:32.600,81,VC 17/36
232,2019-07-03 08:12:25.200,82,VC 17/36
233,2019-07-03 08:12:27.400,81,VC 17/36
234,2019-07-03 08:18:40.600,82,VC 17/36
237,2019-07-03 08:18:42.600,81,VC 17/36
238,2019-07-03 08:19:26.100,82,VC 17/36
239,2019-07-03 08:19:27.800,81,VC 17/36
240,2019-07-03 08:21:21.200,82,VC 17/36
241,2019-07-03 08:21:50.600,81,VC 17/36
242,2019-07-03 08:26:31.900,82,VC 17/36
245,2019-07-03 08:26:41.600,81,VC 17/36
246,2019-07-03 08:29:00.800,82,VC 17/36
247,2019-07-03 08:29:04.200,81,VC 17/36
248,2019-07-03 08:29:35.200,82,VC 17/36
251,2019-07-03 08:29:37.300,81,VC 17/36
252,2019-07-03 08:31:12.400,82,VC 17/36
253,2019-07-03 08:31:14.600,81,VC 17/36
254,2019-07-03 08:31:33.900,82,VC 17/36
255,2019-07-03 08:31:37.100,81,VC 17/36
256,2019-07-03 08:31:42.700,82,VC 17/36
257,2019-07-03 08:31:44.600,81,VC 17/36
258,2019-07-03 08:34:30.600,82,VC 17/36
259,2019-07-03 08:34:33.200,81,VC 17/36
260,2019-07-03 08:36:07.600,82,VC 17/36
261,2019-07-03 08:36:08.800,81,VC 17/36
262,2019-07-03 08:36:08.900,82,VC 17/36
263,2019-07-03 08:36:09.400,81,VC 17/36
264,2019-07-03 08:37:02.400,82,VC 17/36
267,2019-07-03 08:37:04.400,81,VC 17/36
268,2019-07-03 08:37:04.500,82,VC 17/36
269,2019-07-03 08:37:04.600,81,VC 17/36
270,2019-07-03 08:37:28.200,82,VC 17/36
271,2019-07-03 08:37:30.200,81,VC 17/36
272,2019-07-03 08:38:06.200,82,VC 17/36
273,2019-07-03 08:38:15.200,81,VC 17/36
274,2019-07-03 08:38:39.600,82,VC 17/36
275,2019-07-03 08:38:41.700,81,VC 17/36
276,2019-07-03 08:39:36.000,82,VC 17/36
277,2019-07-03 08:39:40.400,81,VC 17/36
278,2019-07-03 08:40:00.200,82,VC 17/36
279,2019-07-03 08:40:06.200,81,VC 17/36
280,2019-07-03 08:40:36.400,82,VC 17/36
281,2019-07-03 08:40:38.600,81,VC 17/36
282,2019-07-03 08:40:44.100,82,VC 17/36
283,2019-07-03 08:40:46.400,81,VC 17/36
284,2019-07-03 08:40:46.500,82,VC 17/36
285,2019-07-03 08:40:46.600,81,VC 17/36
286,2019-07-03 08:42:36.100,82,VC 17/36
287,2019-07-03 08:42:39.100,81,VC 17/36
288,2019-07-03 08:44:07.400,82,VC 17/36
289,2019-07-03 08:44:16.200,81,VC 17/36
290,2019-07-03 08:45:31.800,82,VC 17/36
291,2019-07-03 08:45:33.600,81,VC 17/36
292,2019-07-03 08:49:22.900,82,VC 17/36
293,2019-07-03 08:49:25.400,81,VC 17/36
294,2019-07-03 08:49:26.600,82,VC 17/36
297,2019-07-03 08:49:28.600,81,VC 17/36
298,2019-07-03 08:50:53.500,82,VC 17/36
299,2019-07-03 08:50:59.000,81,VC 17/36
300,2019-07-03 08:53:49.700,82,VC 17/36
301,2019-07-03 08:53:52.600,81,VC 17/36
302,2019-07-03 08:55:00.600,82,VC 17/36
305,2019-07-03 08:55:16.600,81,VC 17/36
306,2019-07-03 08:55:38.900,82,VC 17/36
307,2019-07-03 08:55:40.000,81,VC 17/36
308,2019-07-03 08:55:40.100,82,VC 17/36
309,2019-07-03 08:55:40.600,81,VC 17/36
310,2019-07-03 08:58:28.100,82,VC 17/36
311,2019-07-03 08:58:37.600,81,VC 17/36
312,2019-07-03 08:59:18.100,82,VC 17/36
317,2019-07-03 08:59:25.700,81,VC 17/36
318,2019-07-03 09:00:40.700,82,VC 17/36
321,2019-07-03 09:00:42.500,81,VC 17/36
322,2019-07-03 09:16:40.400,82,VC 17/36
323,2019-07-03 09:16:44.900,81,VC 17/36
324,2019-07-03 09:27:07.600,82,VC 17/36
325,2019-07-03 09:27:09.800,81,VC 17/36
326,2019-07-03 09:27:18.600,82,VC 17/36
327,2019-07-03 09:27:28.400,81,VC 17/36
328,2019-07-03 09:27:28.500,82,VC 17/36
329,2019-07-03 09:27:28.600,81,VC 17/36
330,2019-07-03 09:28:34.400,82,VC 17/36
331,2019-07-03 09:28:37.600,81,VC 17/36
332,2019-07-03 09:31:17.000,82,VC 17/36
335,2019-07-03 09:31:18.600,81,VC 17/36
336,2019-07-03 09:32:11.800,82,VC 17/36
341,2019-07-03 09:32:26.900,81,VC 17/36
342,2019-07-03 09:34:51.400,82,VC 17/36
343,2019-07-03 09:34:53.600,81,VC 17/36
344,2019-07-03 09:36:39.300,82,VC 17/36
345,2019-07-03 09:36:46.200,81,VC 17/36
346,2019-07-03 09:39:17.300,82,VC 17/36
347,2019-07-03 09:39:20.000,81,VC 17/36
348,2019-07-03 09:40:53.200,82,VC 17/36
349,2019-07-03 09:40:58.600,81,VC 17/36
350,2019-07-03 09:41:05.000,82,VC 17/36
351,2019-07-03 09:41:09.300,81,VC 17/36
352,2019-07-03 09:41:55.600,82,VC 17/36
353,2019-07-03 09:41:56.900,81,VC 17/36
354,2019-07-03 09:41:57.000,82,VC 17/36
355,2019-07-03 09:41:57.400,81,VC 17/36
356,2019-07-03 09:42:14.200,82,VC 17/36
357,2019-07-03 09:42:16.200,81,VC 17/36
358,2019-07-03 09:42:32.000,82,VC 17/36
359,2019-07-03 09:42:37.200,81,VC 17/36
360,2019-07-03 09:44:03.900,82,VC 17/36
361,2019-07-03 09:44:07.300,81,VC 17/36
362,2019-07-03 09:44:32.700,82,VC 17/36
363,2019-07-03 09:44:34.900,81,VC 17/36
364,2019-07-03 09:45:26.200,82,VC 17/36
365,2019-07-03 09:45:29.200,81,VC 17/36
366,2019-07-03 09:45:29.900,82,VC 17/36
369,2019-07-03 09:45:41.700,81,VC 17/36
370,2019-07-03 09:47:25.600,82,VC 17/36
371,2019-07-03 09:47:29.800,81,VC 17/36
372,2019-07-03 09:47:50.900,82,VC 17/36
373,2019-07-03 09:47:52.800,81,VC 17/36
374,2019-07-03 09:48:45.300,82,VC 17/36
375,2019-07-03 09:48:48.100,81,VC 17/36
376,2019-07-03 09:48:49.300,82,VC 17/36
377,2019-07-03 09:49:03.000,81,VC 17/36
378,2019-07-03 09:49:10.100,82,VC 17/36
379,2019-07-03 09:49:12.300,81,VC 17/36
380,2019-07-03 09:51:25.900,82,VC 17/36
383,2019-07-03 09:51:27.600,81,VC 17/36
384,2019-07-03 09:53:27.600,82,VC 17/36
385,2019-07-03 09:53:46.600,81,VC 17/36
386,2019-07-03 09:54:00.400,82,VC 17/36
387,2019-07-03 09:54:02.900,81,VC 17/36
388,2019-07-03 09:57:11.400,82,VC 17/36
391,2019-07-03 09:57:13.600,81,VC 17/36
392,2019-07-03 09:57:14.900,82,VC 17/36
393,2019-07-03 09:57:16.700,81,VC 17/36
394,2019-07-03 09:57:29.600,82,VC 17/36
395,2019-07-03 09:57:31.200,81,VC 17/36
396,2019-07-03 09:57:32.200,82,VC 17/36
399,2019-07-03 09:57:34.100,81,VC 17/36
400,2019-07-03 09:57:43.700,82,VC 17/36
401,2019-07-03 09:57:47.200,81,VC 17/36
402,2019-07-03 09:59:46.600,82,VC 17/36
405,2019-07-03 09:59:49.800,81,VC 17/36
406,2019-07-03 10:01:05.800,82,VC 17/36
407,2019-07-03 10:01:08.900,81,VC 17/36
408,2019-07-03 10:01:52.700,82,VC 17/36
409,2019-07-03 10:01:54.700,81,VC 17/36
410,2019-07-03 10:03:42.200,82,VC 17/36
413,2019-07-03 10:03:43.800,81,VC 17/36
414,2019-07-03 10:05:16.300,82,VC 17/36
415,2019-07-03 10:05:18.300,81,VC 17/36
416,2019-07-03 10:06:05.400,82,VC 17/36
419,2019-07-03 10:06:07.600,81,VC 17/36
420,2019-07-03 10:08:00.300,82,VC 17/36
423,2019-07-03 10:08:03.900,81,VC 17/36
424,2019-07-03 10:09:00.700,82,VC 17/36
425,2019-07-03 10:09:02.600,81,VC 17/36
426,2019-07-03 10:09:48.400,82,VC 17/36
427,2019-07-03 10:09:50.700,81,VC 17/36
428,2019-07-03 10:10:38.700,82,VC 17/36
429,2019-07-03 10:10:42.200,81,VC 17/36
430,2019-07-03 10:11:02.300,82,VC 17/36
431,2019-07-03 10:11:04.400,81,VC 17/36
432,2019-07-03 10:11:04.500,82,VC 17/36
433,2019-07-03 10:11:04.600,81,VC 17/36
434,2019-07-03 10:11:15.000,82,VC 17/36
435,2019-07-03 10:11:17.200,81,VC 17/36
436,2019-07-03 10:11:23.600,82,VC 17/36
437,2019-07-03 10:11:25.400,81,VC 17/36
438,2019-07-03 10:11:25.500,82,VC 17/36
439,2019-07-03 10:11:25.600,81,VC 17/36
440,2019-07-03 10:11:31.100,82,VC 17/36
441,2019-07-03 10:11:33.500,81,VC 17/36
442,2019-07-03 10:11:35.100,82,VC 17/36
445,2019-07-03 10:11:49.600,81,VC 17/36
446,2019-07-03 10:13:42.800,82,VC 17/36
447,2019-07-03 10:13:45.800,81,VC 17/36
448,2019-07-03 10:13:50.000,82,VC 17/36
449,2019-07-03 10:14:07.300,81,VC 17/36
450,2019-07-03 10:16:48.400,82,VC 17/36
451,2019-07-03 10:16:50.300,81,VC 17/36
452,2019-07-03 10:18:38.600,82,VC 17/36
453,2019-07-03 10:18:40.300,81,VC 17/36
454,2019-07-03 10:19:24.600,82,VC 17/36
455,2019-07-03 10:19:30.900,81,VC 17/36
456,2019-07-03 10:20:02.800,82,VC 17/36
457,2019-07-03 10:20:04.100,81,VC 17/36
458,2019-07-03 10:20:04.400,82,VC 17/36
461,2019-07-03 10:20:06.400,81,VC 17/36
462,2019-07-03 10:20:06.500,82,VC 17/36
463,2019-07-03 10:20:06.600,81,VC 17/36
464,2019-07-03 10:21:59.600,82,VC 17/36
465,2019-07-03 10:22:01.600,81,VC 17/36
466,2019-07-03 10:23:57.800,82,VC 17/36
467,2019-07-03 10:23:59.600,81,VC 17/36
468,2019-07-03 10:24:14.800,82,VC 17/36
471,2019-07-03 10:24:17.300,81,VC 17/36
472,2019-07-03 10:24:22.300,82,VC 17/36
473,2019-07-03 10:24:28.700,81,VC 17/36
474,2019-07-03 10:25:08.900,82,VC 17/36
477,2019-07-03 10:25:12.100,81,VC 17/36
478,2019-07-03 10:25:21.300,82,VC 17/36
479,2019-07-03 10:25:26.500,81,VC 17/36
480,2019-07-03 10:25:43.000,82,VC 17/36
481,2019-07-03 10:25:45.000,81,VC 17/36
482,2019-07-03 10:27:50.900,82,VC 17/36
485,2019-07-03 10:27:54.600,81,VC 17/36
486,2019-07-03 10:28:44.000,82,VC 17/36
489,2019-07-03 10:28:46.300,81,VC 17/36
490,2019-07-03 10:28:54.000,82,VC 17/36
491,2019-07-03 10:28:56.600,81,VC 17/36
492,2019-07-03 10:31:11.100,82,VC 17/36
493,2019-07-03 10:31:13.800,81,VC 17/36
494,2019-07-03 10:31:27.400,82,VC 17/36
495,2019-07-03 10:31:29.700,81,VC 17/36
496,2019-07-03 10:33:36.000,82,VC 17/36
497,2019-07-03 10:33:38.800,81,VC 17/36
498,2019-07-03 10:36:12.400,82,VC 17/36
499,2019-07-03 10:36:15.200,81,VC 17/36
500,2019-07-03 10:36:15.500,82,VC 17/36
501,2019-07-03 10:36:21.500,81,VC 17/36
502,2019-07-03 10:38:11.600,82,VC 17/36
503,2019-07-03 10:38:13.600,81,VC 17/36
504,2019-07-03 10:39:03.800,82,VC 17/36
507,2019-07-03 10:39:15.000,81,VC 17/36
508,2019-07-03 10:40:41.800,82,VC 17/36
509,2019-07-03 10:40:43.900,81,VC 17/36
510,2019-07-03 10:42:20.200,82,VC 17/36
513,2019-07-03 10:42:22.300,81,VC 17/36
514,2019-07-03 10:43:26.700,82,VC 17/36
515,2019-07-03 10:43:28.600,81,VC 17/36
516,2019-07-03 10:44:55.200,82,VC 17/36
519,2019-07-03 10:44:57.600,81,VC 17/36
520,2019-07-03 10:50:03.100,82,VC 17/36
521,2019-07-03 10:50:06.000,81,VC 17/36
522,2019-07-03 10:50:28.200,82,VC 17/36
523,2019-07-03 10:50:36.100,81,VC 17/36
524,2019-07-03 10:50:39.400,82,VC 17/36
525,2019-07-03 10:50:43.200,81,VC 17/36
526,2019-07-03 10:50:56.100,82,VC 17/36
527,2019-07-03 10:50:57.600,81,VC 17/36
528,2019-07-03 10:53:55.800,82,VC 17/36
529,2019-07-03 10:53:59.600,81,VC 17/36
530,2019-07-03 10:56:05.200,82,VC 17/36
531,2019-07-03 10:56:08.700,81,VC 17/36
532,2019-07-03 10:57:57.600,82,VC 17/36
533,2019-07-03 10:58:01.600,81,VC 17/36
534,2019-07-03 10:58:35.600,82,VC 17/36
535,2019-07-03 10:58:37.500,81,VC 17/36
536,2019-07-03 10:58:50.000,82,VC 17/36
539,2019-07-03 10:58:51.900,81,VC 17/36
540,2019-07-03 10:59:40.400,82,VC 17/36
541,2019-07-03 10:59:47.400,81,VC 17/36
542,2019-07-03 11:00:08.900,82,VC 17/36
545,2019-07-03 11:00:10.800,81,VC 17/36
546,2019-07-03 11:00:31.900,82,VC 17/36
547,2019-07-03 11:00:34.100,81,VC 17/36
548,2019-07-03 11:01:01.400,82,VC 17/36
549,2019-07-03 11:01:04.000,81,VC 17/36
550,2019-07-03 11:01:42.200,82,VC 17/36
553,2019-07-03 11:01:44.600,81,VC 17/36
554,2019-07-03 11:01:57.900,82,VC 17/36
557,2019-07-03 11:02:02.400,81,VC 17/36
558,2019-07-03 11:02:05.900,82,VC 17/36
561,2019-07-03 11:02:10.000,81,VC 17/36
562,2019-07-03 11:05:05.600,82,VC 17/36
563,2019-07-03 11:05:33.200,81,VC 17/36
564,2019-07-03 11:07:00.800,82,VC 17/36
565,2019-07-03 11:07:03.600,81,VC 17/36
566,2019-07-03 11:07:23.400,82,VC 17/36
569,2019-07-03 11:07:26.200,81,VC 17/36
570,2019-07-03 11:07:27.100,82,VC 17/36
571,2019-07-03 11:07:31.800,81,VC 17/36
572,2019-07-03 11:07:32.700,82,VC 17/36
575,2019-07-03 11:07:36.800,81,VC 17/36
576,2019-07-03 11:08:29.600,82,VC 17/36
577,2019-07-03 11:08:33.600,81,VC 17/36
578,2019-07-03 11:09:38.100,82,VC 17/36
579,2019-07-03 11:09:40.300,81,VC 17/36
580,2019-07-03 11:11:46.800,82,VC 17/36
581,2019-07-03 11:11:48.600,81,VC 17/36
582,2019-07-03 11:12:08.600,82,VC 17/36
583,2019-07-03 11:12:13.800,81,VC 17/36
584,2019-07-03 11:15:18.900,82,VC 17/36
585,2019-07-03 11:15:20.400,81,VC 17/36
586,2019-07-03 11:15:20.500,82,VC 17/36
587,2019-07-03 11:15:20.600,81,VC 17/36
588,2019-07-03 11:15:22.000,82,VC 17/36
589,2019-07-03 11:15:24.000,81,VC 17/36
590,2019-07-03 11:16:13.600,82,VC 17/36
593,2019-07-03 11:16:56.900,81,VC 17/36
594,2019-07-03 11:17:25.300,82,VC 17/36
595,2019-07-03 11:17:29.800,81,VC 17/36
596,2019-07-03 11:19:45.700,82,VC 17/36
597,2019-07-03 11:19:55.800,81,VC 17/36
598,2019-07-03 11:24:27.900,82,VC 17/36
599,2019-07-03 11:24:29.800,81,VC 17/36
600,2019-07-03 11:27:19.300,82,VC 17/36
603,2019-07-03 11:27:33.100,81,VC 17/36
604,2019-07-03 11:28:38.400,82,VC 17/36
605,2019-07-03 11:28:42.600,81,VC 17/36
606,2019-07-03 11:29:57.600,82,VC 17/36
609,2019-07-03 11:29:59.900,81,VC 17/36
610,2019-07-03 11:30:29.900,82,VC 17/36
613,2019-07-03 11:30:33.300,81,VC 17/36
614,2019-07-03 11:31:44.600,82,VC 17/36
617,2019-07-03 11:31:46.600,81,VC 17/36
618,2019-07-03 11:33:56.900,82,VC 17/36
619,2019-07-03 11:34:06.600,81,VC 17/36
620,2019-07-03 11:35:30.000,82,VC 17/36
621,2019-07-03 11:35:32.600,81,VC 17/36
622,2019-07-03 11:35:42.200,82,VC 17/36
623,2019-07-03 11:35:44.200,81,VC 17/36
624,2019-07-03 11:35:51.000,82,VC 17/36
625,2019-07-03 11:35:53.800,81,VC 17/36
626,2019-07-03 11:37:46.600,82,VC 17/36
629,2019-07-03 11:37:48.600,81,VC 17/36
630,2019-07-03 11:38:22.600,82,VC 17/36
631,2019-07-03 11:38:27.100,81,VC 17/36
632,2019-07-03 11:39:16.900,82,VC 17/36
635,2019-07-03 11:39:18.600,81,VC 17/36
636,2019-07-03 11:39:55.600,82,VC 17/36
637,2019-07-03 11:40:14.100,81,VC 17/36
638,2019-07-03 11:42:02.600,82,VC 17/36
639,2019-07-03 11:42:05.600,81,VC 17/36
640,2019-07-03 11:42:06.700,82,VC 17/36
641,2019-07-03 11:42:29.200,81,VC 17/36
642,2019-07-03 11:42:57.000,82,VC 17/36
643,2019-07-03 11:42:59.400,81,VC 17/36
644,2019-07-03 11:42:59.500,82,VC 17/36
645,2019-07-03 11:42:59.600,81,VC 17/36
646,2019-07-03 11:43:29.000,82,VC 17/36
647,2019-07-03 11:43:31.900,81,VC 17/36
648,2019-07-03 11:43:44.200,82,VC 17/36
649,2019-07-03 11:43:47.000,81,VC 17/36
650,2019-07-03 11:43:47.500,82,VC 17/36
651,2019-07-03 11:43:50.400,81,VC 17/36
652,2019-07-03 11:44:47.200,82,VC 17/36
655,2019-07-03 11:44:52.200,81,VC 17/36
656,2019-07-03 11:45:25.500,82,VC 17/36
657,2019-07-03 11:45:28.400,81,VC 17/36
658,2019-07-03 11:46:17.800,82,VC 17/36
659,2019-07-03 11:46:19.400,81,VC 17/36
660,2019-07-03 11:46:19.500,82,VC 17/36
661,2019-07-03 11:46:19.600,81,VC 17/36
662,2019-07-03 11:46:26.600,82,VC 17/36
663,2019-07-03 11:46:29.200,81,VC 17/36
664,2019-07-03 11:47:20.700,82,VC 17/36
665,2019-07-03 11:47:23.900,81,VC 17/36
666,2019-07-03 11:48:25.000,82,VC 17/36
667,2019-07-03 11:48:27.000,81,VC 17/36
668,2019-07-03 11:50:03.600,82,VC 17/36
669,2019-07-03 11:50:05.800,81,VC 17/36
670,2019-07-03 11:52:41.400,82,VC 17/36
673,2019-07-03 11:52:43.500,81,VC 17/36
674,2019-07-03 11:52:57.400,82,VC 17/36
675,2019-07-03 11:53:00.300,81,VC 17/36
676,2019-07-03 11:53:08.800,82,VC 17/36
681,2019-07-03 11:53:39.800,81,VC 17/36
682,2019-07-03 11:54:12.500,82,VC 17/36
683,2019-07-03 11:54:14.500,81,VC 17/36
684,2019-07-03 11:54:14.600,82,VC 17/36
685,2019-07-03 11:54:15.400,81,VC 17/36
686,2019-07-03 11:54:57.200,82,VC 17/36
687,2019-07-03 11:55:05.300,81,VC 17/36
688,2019-07-03 11:55:17.100,82,VC 17/36
689,2019-07-03 11:55:18.400,81,VC 17/36
690,2019-07-03 11:55:18.500,82,VC 17/36
691,2019-07-03 11:55:18.600,81,VC 17/36
692,2019-07-03 11:56:35.700,82,VC 17/36
693,2019-07-03 11:56:38.000,81,VC 17/36
694,2019-07-03 11:56:58.600,82,VC 17/36
695,2019-07-03 11:57:01.400,81,VC 17/36
696,2019-07-03 11:57:01.500,82,VC 17/36
697,2019-07-03 11:57:01.600,81,VC 17/36
698,2019-07-03 11:58:23.600,82,VC 17/36
703,2019-07-03 11:58:43.100,81,VC 17/36
704,2019-07-03 11:58:50.400,82,VC 17/36
705,2019-07-03 11:58:52.400,81,VC 17/36
706,2019-07-03 11:58:52.500,82,VC 17/36
707,2019-07-03 11:58:52.600,81,VC 17/36
708,2019-07-03 11:59:12.600,82,VC 17/36
711,2019-07-03 11:59:14.200,81,VC 17/36
712,2019-07-03 12:00:22.100,82,VC 17/36
715,2019-07-03 12:00:24.600,81,VC 17/36
716,2019-07-03 12:01:10.100,82,VC 17/36
717,2019-07-03 12:01:11.900,81,VC 17/36
718,2019-07-03 12:01:19.100,82,VC 17/36
721,2019-07-03 12:01:21.200,81,VC 17/36
722,2019-07-03 12:01:21.800,82,VC 17/36
725,2019-07-03 12:01:23.800,81,VC 17/36
726,2019-07-03 12:03:06.700,82,VC 17/36
729,2019-07-03 12:03:08.900,81,VC 17/36
730,2019-07-03 12:03:19.900,82,VC 17/36
733,2019-07-03 12:03:22.200,81,VC 17/36
734,2019-07-03 12:03:41.400,82,VC 17/36
737,2019-07-03 12:03:44.300,81,VC 17/36
738,2019-07-03 12:04:44.600,82,VC 17/36
741,2019-07-03 12:04:46.600,81,VC 17/36
742,2019-07-03 12:05:12.900,82,VC 17/36
745,2019-07-03 12:05:15.700,81,VC 17/36
746,2019-07-03 12:05:21.400,82,VC 17/36
747,2019-07-03 12:05:23.800,81,VC 17/36
748,2019-07-03 12:07:08.800,82,VC 17/36
751,2019-07-03 12:07:10.600,81,VC 17/36
752,2019-07-03 12:07:53.800,82,VC 17/36
753,2019-07-03 12:08:11.100,81,VC 17/36
754,2019-07-03 12:08:31.600,82,VC 17/36
755,2019-07-03 12:08:33.800,81,VC 17/36
756,2019-07-03 12:08:53.900,82,VC 17/36
757,2019-07-03 12:08:59.000,81,VC 17/36
758,2019-07-03 12:09:46.600,82,VC 17/36
761,2019-07-03 12:09:49.600,81,VC 17/36
762,2019-07-03 12:10:22.400,82,VC 17/36
765,2019-07-03 12:10:24.600,81,VC 17/36
766,2019-07-03 12:10:43.100,82,VC 17/36
767,2019-07-03 12:10:51.000,81,VC 17/36
768,2019-07-03 12:10:53.700,82,VC 17/36
769,2019-07-03 12:10:57.100,81,VC 17/36
770,2019-07-03 12:10:57.500,82,VC 17/36
771,2019-07-03 12:11:06.100,81,VC 17/36
772,2019-07-03 12:12:28.600,82,VC 17/36
773,2019-07-03 12:12:32.800,81,VC 17/36
774,2019-07-03 12:13:09.900,82,VC 17/36
777,2019-07-03 12:13:31.600,81,VC 17/36
778,2019-07-03 12:14:06.700,82,VC 17/36
781,2019-07-03 12:14:08.300,81,VC 17/36
782,2019-07-03 12:15:34.000,82,VC 17/36
783,2019-07-03 12:15:38.200,81,VC 17/36
784,2019-07-03 12:16:44.900,82,VC 17/36
787,2019-07-03 12:16:47.600,81,VC 17/36
788,2019-07-03 12:17:18.300,82,VC 17/36
789,2019-07-03 12:17:22.300,81,VC 17/36
790,2019-07-03 12:18:39.000,82,VC 17/36
791,2019-07-03 12:18:42.300,81,VC 17/36
792,2019-07-03 12:19:38.400,82,VC 17/36
793,2019-07-03 12:19:40.300,81,VC 17/36
794,2019-07-03 12:20:41.600,82,VC 17/36
795,2019-07-03 12:20:44.700,81,VC 17/36
796,2019-07-03 12:21:21.800,82,VC 17/36
799,2019-07-03 12:21:23.600,81,VC 17/36
800,2019-07-03 12:21:28.900,82,VC 17/36
803,2019-07-03 12:21:30.600,81,VC 17/36
804,2019-07-03 12:23:01.600,82,VC 17/36
805,2019-07-03 12:23:03.600,81,VC 17/36
806,2019-07-03 12:24:05.400,82,VC 17/36
807,2019-07-03 12:24:08.600,81,VC 17/36
808,2019-07-03 12:24:20.200,82,VC 17/36
809,2019-07-03 12:24:22.400,81,VC 17/36
810,2019-07-03 12:24:22.500,82,VC 17/36
811,2019-07-03 12:24:22.600,81,VC 17/36
812,2019-07-03 12:25:41.700,82,VC 17/36
813,2019-07-03 12:25:45.100,81,VC 17/36
814,2019-07-03 12:26:27.800,82,VC 17/36
817,2019-07-03 12:26:30.600,81,VC 17/36
818,2019-07-03 12:27:01.300,82,VC 17/36
821,2019-07-03 12:27:03.000,81,VC 17/36
822,2019-07-03 12:27:39.500,82,VC 17/36
823,2019-07-03 12:27:45.100,81,VC 17/36
824,2019-07-03 12:28:00.000,82,VC 17/36
825,2019-07-03 12:28:02.900,81,VC 17/36
826,2019-07-03 12:28:36.900,82,VC 17/36
827,2019-07-03 12:28:38.700,81,VC 17/36
828,2019-07-03 12:28:52.300,82,VC 17/36
829,2019-07-03 12:28:54.700,81,VC 17/36
830,2019-07-03 12:29:30.600,82,VC 17/36
831,2019-07-03 12:29:38.700,81,VC 17/36
832,2019-07-03 12:30:53.100,82,VC 17/36
833,2019-07-03 12:30:56.200,81,VC 17/36
834,2019-07-03 12:32:07.600,82,VC 17/36
837,2019-07-03 12:32:09.600,81,VC 17/36
838,2019-07-03 12:34:04.100,82,VC 17/36
839,2019-07-03 12:34:06.000,81,VC 17/36
840,2019-07-03 12:35:42.000,82,VC 17/36
843,2019-07-03 12:35:43.800,81,VC 17/36
844,2019-07-03 12:37:15.600,82,VC 17/36
845,2019-07-03 12:37:19.600,81,VC 17/36
846,2019-07-03 12:37:24.300,82,VC 17/36
847,2019-07-03 12:37:31.300,81,VC 17/36
848,2019-07-03 12:37:59.600,82,VC 17/36
851,2019-07-03 12:38:01.300,81,VC 17/36
852,2019-07-03 12:38:22.600,82,VC 17/36
853,2019-07-03 12:38:25.600,81,VC 17/36
854,2019-07-03 12:40:53.100,82,VC 17/36
855,2019-07-03 12:41:11.900,81,VC 17/36
856,2019-07-03 12:41:29.900,82,VC 17/36
857,2019-07-03 12:41:31.800,81,VC 17/36
858,2019-07-03 12:42:15.600,82,VC 17/36
861,2019-07-03 12:42:21.000,81,VC 17/36
862,2019-07-03 12:43:06.900,82,VC 17/36
863,2019-07-03 12:43:09.000,81,VC 17/36
864,2019-07-03 12:43:26.200,82,VC 17/36
865,2019-07-03 12:43:27.900,81,VC 17/36
866,2019-07-03 12:44:24.900,82,VC 17/36
867,2019-07-03 12:44:29.900,81,VC 17/36
868,2019-07-03 12:45:27.800,82,VC 17/36
869,2019-07-03 12:45:30.800,81,VC 17/36
870,2019-07-03 12:45:37.400,82,VC 17/36
871,2019-07-03 12:45:41.600,81,VC 17/36
872,2019-07-03 12:46:10.600,82,VC 17/36
873,2019-07-03 12:46:41.900,81,VC 17/36
874,2019-07-03 12:49:29.300,82,VC 17/36
875,2019-07-03 12:49:33.000,81,VC 17/36
876,2019-07-03 12:49:36.900,82,VC 17/36
877,2019-07-03 12:49:40.900,81,VC 17/36
878,2019-07-03 12:49:45.800,82,VC 17/36
879,2019-07-03 12:49:50.600,81,VC 17/36
880,2019-07-03 12:50:01.100,82,VC 17/36
881,2019-07-03 12:50:23.700,81,VC 17/36
882,2019-07-03 12:51:09.100,82,VC 17/36
883,2019-07-03 12:51:11.000,81,VC 17/36
884,2019-07-03 12:51:11.100,82,VC 17/36
885,2019-07-03 12:51:13.600,81,VC 17/36
886,2019-07-03 12:51:48.400,82,VC 17/36
887,2019-07-03 12:51:51.100,81,VC 17/36
888,2019-07-03 12:52:39.600,82,VC 17/36
889,2019-07-03 12:52:41.200,81,VC 17/36
890,2019-07-03 12:55:56.800,82,VC 17/36
891,2019-07-03 12:55:58.300,81,VC 17/36
892,2019-07-03 12:57:05.400,82,VC 17/36
895,2019-07-03 12:57:09.200,81,VC 17/36
896,2019-07-03 12:57:24.200,82,VC 17/36
897,2019-07-03 12:57:38.300,81,VC 17/36
898,2019-07-03 12:59:14.100,82,VC 17/36
899,2019-07-03 12:59:16.200,81,VC 17/36
900,2019-07-03 12:59:24.700,82,VC 17/36
901,2019-07-03 12:59:26.800,81,VC 17/36
902,2019-07-03 13:00:16.400,82,VC 17/36
903,2019-07-03 13:00:19.800,81,VC 17/36
904,2019-07-03 13:01:10.300,82,VC 17/36
905,2019-07-03 13:01:21.900,81,VC 17/36
906,2019-07-03 13:04:03.400,82,VC 17/36
907,2019-07-03 13:04:08.600,81,VC 17/36
908,2019-07-03 13:05:25.400,82,VC 17/36
909,2019-07-03 13:05:27.200,81,VC 17/36
910,2019-07-03 13:06:45.900,82,VC 17/36
911,2019-07-03 13:06:47.800,81,VC 17/36
912,2019-07-03 13:08:15.200,82,VC 17/36
913,2019-07-03 13:08:27.500,81,VC 17/36
914,2019-07-03 13:08:46.700,82,VC 17/36
915,2019-07-03 13:08:49.000,81,VC 17/36
916,2019-07-03 13:09:00.700,82,VC 17/36
919,2019-07-03 13:09:02.600,81,VC 17/36
920,2019-07-03 13:11:37.600,82,VC 17/36
921,2019-07-03 13:11:40.200,81,VC 17/36
922,2019-07-03 13:12:36.000,82,VC 17/36
925,2019-07-03 13:12:37.600,81,VC 17/36
926,2019-07-03 13:13:34.700,82,VC 17/36
929,2019-07-03 13:13:38.700,81,VC 17/36
930,2019-07-03 13:13:53.900,82,VC 17/36
931,2019-07-03 13:13:57.400,81,VC 17/36
932,2019-07-03 13:15:26.900,82,VC 17/36
933,2019-07-03 13:15:30.500,81,VC 17/36
934,2019-07-03 13:15:32.800,82,VC 17/36
935,2019-07-03 13:15:34.600,81,VC 17/36
936,2019-07-03 13:15:55.900,82,VC 17/36
937,2019-07-03 13:15:57.500,81,VC 17/36
938,2019-07-03 13:17:28.000,82,VC 17/36
945,2019-07-03 13:17:55.600,81,VC 17/36
946,2019-07-03 13:17:59.000,82,VC 17/36
949,2019-07-03 13:18:00.600,81,VC 17/36
950,2019-07-03 13:18:01.400,82,VC 17/36
951,2019-07-03 13:18:03.400,81,VC 17/36
952,2019-07-03 13:18:09.200,82,VC 17/36
953,2019-07-03 13:18:11.200,81,VC 17/36
954,2019-07-03 13:18:17.100,82,VC 17/36
957,2019-07-03 13:18:19.200,81,VC 17/36
958,2019-07-03 13:19:23.400,82,VC 17/36
959,2019-07-03 13:19:26.800,81,VC 17/36
960,2019-07-03 13:20:28.000,82,VC 17/36
961,2019-07-03 13:20:34.700,81,VC 17/36
962,2019-07-03 13:21:52.800,82,VC 17/36
963,2019-07-03 13:21:54.700,81,VC 17/36
964,2019-07-03 13:22:59.600,82,VC 17/36
965,2019-07-03 13:23:08.900,81,VC 17/36
966,2019-07-03 13:25:03.800,82,VC 17/36
969,2019-07-03 13:25:18.300,81,VC 17/36
970,2019-07-03 13:25:30.400,82,VC 17/36
971,2019-07-03 13:25:32.900,81,VC 17/36
972,2019-07-03 13:25:38.600,82,VC 17/36
973,2019-07-03 13:25:40.700,81,VC 17/36
974,2019-07-03 13:25:42.000,82,VC 17/36
975,2019-07-03 13:25:44.200,81,VC 17/36
976,2019-07-03 13:26:03.600,82,VC 17/36
977,2019-07-03 13:26:07.000,81,VC 17/36
978,2019-07-03 13:26:15.800,82,VC 17/36
979,2019-07-03 13:26:17.700,81,VC 17/36
980,2019-07-03 13:26:51.600,82,VC 17/36
981,2019-07-03 13:26:55.900,81,VC 17/36
982,2019-07-03 13:27:33.900,82,VC 17/36
983,2019-07-03 13:27:36.700,81,VC 17/36
984,2019-07-03 13:28:00.800,82,VC 17/36
987,2019-07-03 13:28:04.600,81,VC 17/36
988,2019-07-03 13:28:49.100,82,VC 17/36
989,2019-07-03 13:28:52.600,81,VC 17/36
990,2019-07-03 13:30:45.600,82,VC 17/36
991,2019-07-03 13:30:48.100,81,VC 17/36
992,2019-07-03 13:31:07.000,82,VC 17/36
993,2019-07-03 13:31:09.100,81,VC 17/36
994,2019-07-03 13:31:43.300,82,VC 17/36
995,2019-07-03 13:31:46.400,81,VC 17/36
996,2019-07-03 13:32:43.600,82,VC 17/36
999,2019-07-03 13:32:46.000,81,VC 17/36
1000,2019-07-03 13:34:47.300,82,VC 17/36
1001,2019-07-03 13:34:49.300,81,VC 17/36
1002,2019-07-03 13:36:38.400,82,VC 17/36
1005,2019-07-03 13:36:42.700,81,VC 17/36
1006,2019-07-03 13:38:51.400,82,VC 17/36
1009,2019-07-03 13:38:54.600,81,VC 17/36
1010,2019-07-03 13:38:59.100,82,VC 17/36
1013,2019-07-03 13:39:01.700,81,VC 17/36
1014,2019-07-03 13:39:06.200,82,VC 17/36
1015,2019-07-03 13:39:09.200,81,VC 17/36
1016,2019-07-03 13:39:29.400,82,VC 17/36
1017,2019-07-03 13:39:32.200,81,VC 17/36
1018,2019-07-03 13:40:49.400,82,VC 17/36
1019,2019-07-03 13:40:53.800,81,VC 17/36
1020,2019-07-03 13:41:15.400,82,VC 17/36
1023,2019-07-03 13:41:17.400,81,VC 17/36
1024,2019-07-03 13:41:17.500,82,VC 17/36
1025,2019-07-03 13:41:17.600,81,VC 17/36
1026,2019-07-03 13:41:57.200,82,VC 17/36
1027,2019-07-03 13:41:59.400,81,VC 17/36
1028,2019-07-03 13:41:59.500,82,VC 17/36
1029,2019-07-03 13:41:59.600,81,VC 17/36
1030,2019-07-03 13:42:31.200,82,VC 17/36
1033,2019-07-03 13:42:33.100,81,VC 17/36
1034,2019-07-03 13:43:21.200,82,VC 17/36
1035,2019-07-03 13:43:24.100,81,VC 17/36
1036,2019-07-03 13:44:26.300,82,VC 17/36
1037,2019-07-03 13:44:29.000,81,VC 17/36
1038,2019-07-03 13:45:04.900,82,VC 17/36
1039,2019-07-03 13:45:08.400,81,VC 17/36
1040,2019-07-03 13:45:08.500,82,VC 17/36
1041,2019-07-03 13:45:08.600,81,VC 17/36
1042,2019-07-03 13:45:49.000,82,VC 17/36
1043,2019-07-03 13:45:51.300,81,VC 17/36
1044,2019-07-03 13:46:50.500,82,VC 17/36
1047,2019-07-03 13:46:53.600,81,VC 17/36
1048,2019-07-03 13:47:07.600,82,VC 17/36
1051,2019-07-03 13:47:17.600,81,VC 17/36
1052,2019-07-03 13:47:17.700,82,VC 17/36
1053,2019-07-03 13:47:21.600,81,VC 17/36
1054,2019-07-03 13:48:27.300,82,VC 17/36
1057,2019-07-03 13:48:50.100,81,VC 17/36
1058,2019-07-03 13:48:53.500,82,VC 17/36
1059,2019-07-03 13:48:55.400,81,VC 17/36
1060,2019-07-03 13:50:46.400,82,VC 17/36
1061,2019-07-03 13:50:48.600,81,VC 17/36
1062,2019-07-03 13:50:58.300,82,VC 17/36
1063,2019-07-03 13:51:00.800,81,VC 17/36
1064,2019-07-03 13:52:11.100,82,VC 17/36
1065,2019-07-03 13:52:14.200,81,VC 17/36
1066,2019-07-03 13:53:18.300,82,VC 17/36
1067,2019-07-03 13:53:22.900,81,VC 17/36
1068,2019-07-03 13:53:43.700,82,VC 17/36
1069,2019-07-03 13:53:46.100,81,VC 17/36
1070,2019-07-03 13:54:56.700,82,VC 17/36
1071,2019-07-03 13:54:58.700,81,VC 17/36
1072,2019-07-03 13:55:18.400,82,VC 17/36
1073,2019-07-03 13:55:22.200,81,VC 17/36
1074,2019-07-03 13:55:24.700,82,VC 17/36
1075,2019-07-03 13:55:35.800,81,VC 17/36
1076,2019-07-03 13:55:42.300,82,VC 17/36
1079,2019-07-03 13:55:45.600,81,VC 17/36
1080,2019-07-03 13:55:49.100,82,VC 17/36
1081,2019-07-03 13:56:07.700,81,VC 17/36
1082,2019-07-03 13:57:28.200,82,VC 17/36
1083,2019-07-03 13:57:31.800,81,VC 17/36
1084,2019-07-03 13:57:42.300,82,VC 17/36
1087,2019-07-03 13:57:45.600,81,VC 17/36
1088,2019-07-03 13:58:26.200,82,VC 17/36
1089,2019-07-03 13:58:28.400,81,VC 17/36
1090,2019-07-03 13:58:28.500,82,VC 17/36
1091,2019-07-03 13:58:28.600,81,VC 17/36
1092,2019-07-03 14:00:23.100,82,VC 17/36
1093,2019-07-03 14:00:24.400,81,VC 17/36
1094,2019-07-03 14:00:24.500,82,VC 17/36
1095,2019-07-03 14:00:24.600,81,VC 17/36
1096,2019-07-03 14:01:36.900,82,VC 17/36
1099,2019-07-03 14:01:38.300,81,VC 17/36
1100,2019-07-03 14:02:19.300,82,VC 17/36
1101,2019-07-03 14:02:21.400,81,VC 17/36
1102,2019-07-03 14:02:22.300,82,VC 17/36
1105,2019-07-03 14:02:24.100,81,VC 17/36
1106,2019-07-03 14:02:37.300,82,VC 17/36
1107,2019-07-03 14:02:39.600,81,VC 17/36
1108,2019-07-03 14:02:41.300,82,VC 17/36
1109,2019-07-03 14:02:44.000,81,VC 17/36
1110,2019-07-03 14:05:32.700,82,VC 17/36
1115,2019-07-03 14:05:41.600,81,VC 17/36
1116,2019-07-03 14:05:41.900,82,VC 17/36
1117,2019-07-03 14:05:42.700,81,VC 17/36
1118,2019-07-03 14:05:43.400,82,VC 17/36
1119,2019-07-03 14:05:44.300,81,VC 17/36
1120,2019-07-03 14:06:56.800,82,VC 17/36
1123,2019-07-03 14:06:59.500,81,VC 17/36
1124,2019-07-03 14:11:37.600,82,VC 17/36
1129,2019-07-03 14:11:44.600,81,VC 17/36
1130,2019-07-03 14:11:45.500,82,VC 17/36
1131,2019-07-03 14:11:45.600,81,VC 17/36
1132,2019-07-03 14:11:52.600,82,VC 17/36
1135,2019-07-03 14:11:54.600,81,VC 17/36
1136,2019-07-03 14:11:57.000,82,VC 17/36
1137,2019-07-03 14:11:58.400,81,VC 17/36
1138,2019-07-03 14:11:58.500,82,VC 17/36
1139,2019-07-03 14:11:58.600,81,VC 17/36
1140,2019-07-03 14:12:02.600,82,VC 17/36
1141,2019-07-03 14:12:04.500,81,VC 17/36
1142,2019-07-03 14:12:32.600,82,VC 17/36
1143,2019-07-03 14:12:35.200,81,VC 17/36
1144,2019-07-03 14:13:23.100,82,VC 17/36
1147,2019-07-03 14:13:32.700,81,VC 17/36
1148,2019-07-03 14:14:08.000,82,VC 17/36
1149,2019-07-03 14:14:10.600,81,VC 17/36
1150,2019-07-03 14:15:34.100,82,VC 17/36
1153,2019-07-03 14:15:37.900,81,VC 17/36
1154,2019-07-03 14:16:37.500,82,VC 17/36
1157,2019-07-03 14:16:40.300,81,VC 17/36
1158,2019-07-03 14:17:42.200,82,VC 17/36
1159,2019-07-03 14:17:46.000,81,VC 17/36
1160,2019-07-03 14:17:55.900,82,VC 17/36
1161,2019-07-03 14:17:58.300,81,VC 17/36
1162,2019-07-03 14:18:00.000,82,VC 17/36
1165,2019-07-03 14:18:01.600,81,VC 17/36
1166,2019-07-03 14:19:11.200,82,VC 17/36
1167,2019-07-03 14:19:13.900,81,VC 17/36
1168,2019-07-03 14:20:02.800,82,VC 17/36
1171,2019-07-03 14:20:04.600,81,VC 17/36
1172,2019-07-03 14:20:06.900,82,VC 17/36
1173,2019-07-03 14:20:08.600,81,VC 17/36
1174,2019-07-03 14:20:37.500,82,VC 17/36
1175,2019-07-03 14:20:46.200,81,VC 17/36
1176,2019-07-03 14:24:09.400,82,VC 17/36
1177,2019-07-03 14:24:11.400,81,VC 17/36
1178,2019-07-03 14:24:18.600,82,VC 17/36
1179,2019-07-03 14:24:20.800,81,VC 17/36
1180,2019-07-03 14:25:49.600,82,VC 17/36
1181,2019-07-03 14:25:59.800,81,VC 17/36
1182,2019-07-03 14:29:00.600,82,VC 17/36
1183,2019-07-03 14:29:04.400,81,VC 17/36
1184,2019-07-03 14:29:04.500,82,VC 17/36
1185,2019-07-03 14:29:04.600,81,VC 17/36
1186,2019-07-03 14:32:24.300,82,VC 17/36
1187,2019-07-03 14:32:26.200,81,VC 17/36
1188,2019-07-03 14:32:33.300,82,VC 17/36
1189,2019-07-03 14:32:35.300,81,VC 17/36
1190,2019-07-03 14:32:50.600,82,VC 17/36
1191,2019-07-03 14:32:53.100,81,VC 17/36
1192,2019-07-03 14:32:59.700,82,VC 17/36
1195,2019-07-03 14:33:02.600,81,VC 17/36
1196,2019-07-03 14:33:03.300,82,VC 17/36
1197,2019-07-03 14:33:35.400,81,VC 17/36
1198,2019-07-03 14:33:35.500,82,VC 17/36
1199,2019-07-03 14:33:35.600,81,VC 17/36
1200,2019-07-03 14:34:22.900,82,VC 17/36
1201,2019-07-03 14:34:26.000,81,VC 17/36
1202,2019-07-03 14:37:29.100,82,VC 17/36
1205,2019-07-03 14:37:31.600,81,VC 17/36
1206,2019-07-03 14:37:33.100,82,VC 17/36
1207,2019-07-03 14:37:54.400,81,VC 17/36
1208,2019-07-03 14:38:01.700,82,VC 17/36
1209,2019-07-03 14:38:03.700,81,VC 17/36
1210,2019-07-03 14:40:56.800,82,VC 17/36
1211,2019-07-03 14:41:00.400,81,VC 17/36
1212,2019-07-03 14:41:00.500,82,VC 17/36
1213,2019-07-03 14:41:00.600,81,VC 17/36
1214,2019-07-03 14:41:29.900,82,VC 17/36
1215,2019-07-03 14:41:34.200,81,VC 17/36
1216,2019-07-03 14:41:52.700,82,VC 17/36
1217,2019-07-03 14:41:55.200,81,VC 17/36
1218,2019-07-03 14:41:55.600,82,VC 17/36
1219,2019-07-03 14:41:58.300,81,VC 17/36
1220,2019-07-03 14:42:00.600,82,VC 17/36
1221,2019-07-03 14:42:03.200,81,VC 17/36
1222,2019-07-03 14:42:12.300,82,VC 17/36
1223,2019-07-03 14:42:14.600,81,VC 17/36
1224,2019-07-03 14:42:17.900,82,VC 17/36
1225,2019-07-03 14:42:19.800,81,VC 17/36
1226,2019-07-03 14:42:53.600,82,VC 17/36
1227,2019-07-03 14:42:58.100,81,VC 17/36
1228,2019-07-03 14:43:17.800,82,VC 17/36
1231,2019-07-03 14:43:20.600,81,VC 17/36
1232,2019-07-03 14:43:22.800,82,VC 17/36
1233,2019-07-03 14:43:26.300,81,VC 17/36
1234,2019-07-03 14:48:23.600,82,VC 17/36
1235,2019-07-03 14:48:25.400,81,VC 17/36
1236,2019-07-03 14:48:54.800,82,VC 17/36
1237,2019-07-03 14:48:57.700,81,VC 17/36
1238,2019-07-03 14:49:28.600,82,VC 17/36
1239,2019-07-03 14:49:33.200,81,VC 17/36
1240,2019-07-03 14:49:43.600,82,VC 17/36
1241,2019-07-03 14:49:49.600,81,VC 17/36
1242,2019-07-03 14:50:22.700,82,VC 17/36
1245,2019-07-03 14:50:24.600,81,VC 17/36
1246,2019-07-03 14:50:39.000,82,VC 17/36
1249,2019-07-03 14:50:52.600,81,VC 17/36
1250,2019-07-03 14:51:22.700,82,VC 17/36
1251,2019-07-03 14:51:26.400,81,VC 17/36
1252,2019-07-03 14:51:26.500,82,VC 17/36
1253,2019-07-03 14:51:26.600,81,VC 17/36
1254,2019-07-03 14:51:59.100,82,VC 17/36
1255,2019-07-03 14:52:01.600,81,VC 17/36
1256,2019-07-03 14:52:58.800,82,VC 17/36
1257,2019-07-03 14:53:01.600,81,VC 17/36
1258,2019-07-03 14:53:09.600,82,VC 17/36
1259,2019-07-03 14:53:13.700,81,VC 17/36
1260,2019-07-03 14:53:33.100,82,VC 17/36
1261,2019-07-03 14:53:35.400,81,VC 17/36
1262,2019-07-03 14:53:35.500,82,VC 17/36
1263,2019-07-03 14:53:35.600,81,VC 17/36
1264,2019-07-03 14:55:16.700,82,VC 17/36
1265,2019-07-03 14:55:20.600,81,VC 17/36
1266,2019-07-03 14:56:12.100,82,VC 17/36
1267,2019-07-03 14:56:14.200,81,VC 17/36
1268,2019-07-03 14:58:51.700,82,VC 17/36
1271,2019-07-03 14:58:53.600,81,VC 17/36
1272,2019-07-03 14:59:20.100,82,VC 17/36
1273,2019-07-03 14:59:23.900,81,VC 17/36
1274,2019-07-03 15:01:16.200,82,VC 17/36
1275,2019-07-03 15:01:19.000,81,VC 17/36
1276,2019-07-03 15:01:19.400,82,VC 17/36
1277,2019-07-03 15:01:23.200,81,VC 17/36
1278,2019-07-03 15:03:00.700,82,VC 17/36
1279,2019-07-03 15:03:01.200,81,VC 17/36
1280,2019-07-03 15:03:01.300,82,VC 17/36
1281,2019-07-03 15:03:02.900,81,VC 17/36
1282,2019-07-03 15:03:03.100,82,VC 17/36
1283,2019-07-03 15:03:04.300,81,VC 17/36
1284,2019-07-03 15:04:05.200,82,VC 17/36
1285,2019-07-03 15:04:07.000,81,VC 17/36
1286,2019-07-03 15:04:30.300,82,VC 17/36
1287,2019-07-03 15:04:32.500,81,VC 17/36
1288,2019-07-03 15:04:42.900,82,VC 17/36
1289,2019-07-03 15:04:44.900,81,VC 17/36
1290,2019-07-03 15:06:06.200,82,VC 17/36
1291,2019-07-03 15:06:08.500,81,VC 17/36
1292,2019-07-03 15:06:29.100,82,VC 17/36
1295,2019-07-03 15:06:31.300,81,VC 17/36
1296,2019-07-03 15:08:01.200,82,VC 17/36
1297,2019-07-03 15:08:04.000,81,VC 17/36
1298,2019-07-03 15:08:04.600,82,VC 17/36
1301,2019-07-03 15:08:06.800,81,VC 17/36
1302,2019-07-03 15:08:29.200,82,VC 17/36
1303,2019-07-03 15:08:31.600,81,VC 17/36
1304,2019-07-03 15:09:41.400,82,VC 17/36
1307,2019-07-03 15:09:43.300,81,VC 17/36
1308,2019-07-03 15:10:28.400,82,VC 17/36
1309,2019-07-03 15:10:30.600,81,VC 17/36
1310,2019-07-03 15:10:32.800,82,VC 17/36
1313,2019-07-03 15:10:34.400,81,VC 17/36
1314,2019-07-03 15:10:34.500,82,VC 17/36
1315,2019-07-03 15:10:34.600,81,VC 17/36
1316,2019-07-03 15:11:41.000,82,VC 17/36
1317,2019-07-03 15:11:44.000,81,VC 17/36
1318,2019-07-03 15:11:45.800,82,VC 17/36
1321,2019-07-03 15:12:03.600,81,VC 17/36
1322,2019-07-03 15:12:15.900,82,VC 17/36
1323,2019-07-03 15:12:17.600,81,VC 17/36
1324,2019-07-03 15:12:25.600,82,VC 17/36
1327,2019-07-03 15:12:27.600,81,VC 17/36
1328,2019-07-03 15:13:02.300,82,VC 17/36
1329,2019-07-03 15:13:04.700,81,VC 17/36
1330,2019-07-03 15:13:52.600,82,VC 17/36
1333,2019-07-03 15:13:59.400,81,VC 17/36
1334,2019-07-03 15:14:11.500,82,VC 17/36
1335,2019-07-03 15:14:13.300,81,VC 17/36
1336,2019-07-03 15:14:27.100,82,VC 17/36
1337,2019-07-03 15:14:28.400,81,VC 17/36
1338,2019-07-03 15:14:28.500,82,VC 17/36
1339,2019-07-03 15:14:28.600,81,VC 17/36
1340,2019-07-03 15:14:40.800,82,VC 17/36
1341,2019-07-03 15:14:44.600,81,VC 17/36
1342,2019-07-03 15:17:06.100,82,VC 17/36
1345,2019-07-03 15:17:08.600,81,VC 17/36
1346,2019-07-03 15:17:31.800,82,VC 17/36
1347,2019-07-03 15:17:48.900,81,VC 17/36
1348,2019-07-03 15:17:50.300,82,VC 17/36
1351,2019-07-03 15:17:52.900,81,VC 17/36
1352,2019-07-03 15:17:55.100,82,VC 17/36
1353,2019-07-03 15:17:57.300,81,VC 17/36
1354,2019-07-03 15:18:56.700,82,VC 17/36
1355,2019-07-03 15:19:03.200,81,VC 17/36
1356,2019-07-03 15:19:29.800,82,VC 17/36
1357,2019-07-03 15:19:32.100,81,VC 17/36
1358,2019-07-03 15:20:46.300,82,VC 17/36
1363,2019-07-03 15:21:04.300,81,VC 17/36
1364,2019-07-03 15:21:08.200,82,VC 17/36
1365,2019-07-03 15:21:10.600,81,VC 17/36
1366,2019-07-03 15:21:16.800,82,VC 17/36
1369,2019-07-03 15:21:57.000,81,VC 17/36
1370,2019-07-03 15:21:59.900,82,VC 17/36
1371,2019-07-03 15:22:01.800,81,VC 17/36
1372,2019-07-03 15:22:10.200,82,VC 17/36
1373,2019-07-03 15:22:12.600,81,VC 17/36
1374,2019-07-03 15:22:17.800,82,VC 17/36
1375,2019-07-03 15:22:20.200,81,VC 17/36
1376,2019-07-03 15:22:21.400,82,VC 17/36
1377,2019-07-03 15:22:23.000,81,VC 17/36
1378,2019-07-03 15:22:23.100,82,VC 17/36
1379,2019-07-03 15:22:23.600,81,VC 17/36
1380,2019-07-03 15:27:09.100,82,VC 17/36
1381,2019-07-03 15:27:11.700,81,VC 17/36
1382,2019-07-03 15:28:05.900,82,VC 17/36
1383,2019-07-03 15:28:07.800,81,VC 17/36
1384,2019-07-03 15:28:58.100,82,VC 17/36
1385,2019-07-03 15:29:03.600,81,VC 17/36
1386,2019-07-03 15:32:29.300,82,VC 17/36
1387,2019-07-03 15:32:31.400,81,VC 17/36
1388,2019-07-03 15:32:54.800,82,VC 17/36
1389,2019-07-03 15:33:16.200,81,VC 17/36
1390,2019-07-03 15:34:46.200,82,VC 17/36
1391,2019-07-03 15:34:50.100,81,VC 17/36
1392,2019-07-03 15:36:44.400,82,VC 17/36
1393,2019-07-03 15:36:46.900,81,VC 17/36
1394,2019-07-03 15:36:55.400,82,VC 17/36
1397,2019-07-03 15:36:57.600,81,VC 17/36
1398,2019-07-03 15:39:32.300,82,VC 17/36
1399,2019-07-03 15:39:34.700,81,VC 17/36
1400,2019-07-03 15:39:36.600,82,VC 17/36
1401,2019-07-03 15:39:40.300,81,VC 17/36
1402,2019-07-03 15:40:33.700,82,VC 17/36
1405,2019-07-03 15:40:35.200,81,VC 17/36
1406,2019-07-03 15:40:57.300,82,VC 17/36
1407,2019-07-03 15:41:00.300,81,VC 17/36
1408,2019-07-03 15:42:42.200,82,VC 17/36
1409,2019-07-03 15:42:46.800,81,VC 17/36
1410,2019-07-03 15:43:15.200,82,VC 17/36
1411,2019-07-03 15:43:18.800,81,VC 17/36
1412,2019-07-03 15:44:59.200,82,VC 17/36
1413,2019-07-03 15:45:07.400,81,VC 17/36
1414,2019-07-03 15:45:22.200,82,VC 17/36
1415,2019-07-03 15:45:24.600,81,VC 17/36
1416,2019-07-03 15:46:18.400,82,VC 17/36
1417,2019-07-03 15:46:20.200,81,VC 17/36
1418,2019-07-03 15:46:20.300,82,VC 17/36
1419,2019-07-03 15:46:20.400,81,VC 17/36
1420,2019-07-03 15:46:32.700,82,VC 17/36
1421,2019-07-03 15:46:34.400,81,VC 17/36
1422,2019-07-03 15:46:34.500,82,VC 17/36
1423,2019-07-03 15:46:34.600,81,VC 17/36
1424,2019-07-03 15:46:39.800,82,VC 17/36
1425,2019-07-03 15:46:42.800,81,VC 17/36
1426,2019-07-03 15:46:51.100,82,VC 17/36
1427,2019-07-03 15:46:53.900,81,VC 17/36
1428,2019-07-03 15:48:16.700,82,VC 17/36
1431,2019-07-03 15:48:18.600,81,VC 17/36
1432,2019-07-03 15:48:19.600,82,VC 17/36
1435,2019-07-03 15:48:21.600,81,VC 17/36
1436,2019-07-03 15:48:36.600,82,VC 17/36
1437,2019-07-03 15:48:38.500,81,VC 17/36
1438,2019-07-03 15:51:36.300,82,VC 17/36
1441,2019-07-03 15:51:38.600,81,VC 17/36
1442,2019-07-03 15:52:15.000,82,VC 17/36
1443,2019-07-03 15:52:16.600,81,VC 17/36
1444,2019-07-03 15:52:16.800,82,VC 17/36
1447,2019-07-03 15:52:18.600,81,VC 17/36
1448,2019-07-03 15:53:09.600,82,VC 17/36
1449,2019-07-03 15:53:14.000,81,VC 17/36
1450,2019-07-03 15:54:48.400,82,VC 17/36
1453,2019-07-03 15:54:51.700,81,VC 17/36
1454,2019-07-03 15:54:56.100,82,VC 17/36
1455,2019-07-03 15:55:02.300,81,VC 17/36
1456,2019-07-03 15:56:00.400,82,VC 17/36
1459,2019-07-03 15:56:02.300,81,VC 17/36
1460,2019-07-03 15:56:19.100,82,VC 17/36
1463,2019-07-03 15:56:21.100,81,VC 17/36
1464,2019-07-03 15:58:03.100,82,VC 17/36
1467,2019-07-03 15:58:05.000,81,VC 17/36
1468,2019-07-03 15:58:05.700,82,VC 17/36
1471,2019-07-03 15:58:07.600,81,VC 17/36
1472,2019-07-03 15:58:59.300,82,VC 17/36
1473,2019-07-03 15:59:01.900,81,VC 17/36
1474,2019-07-03 16:01:10.800,82,VC 17/36
1475,2019-07-03 16:01:13.700,81,VC 17/36
1476,2019-07-03 16:01:20.600,82,VC 17/36
1479,2019-07-03 16:01:22.400,81,VC 17/36
1480,2019-07-03 16:02:31.600,82,VC 17/36
1481,2019-07-03 16:02:33.800,81,VC 17/36
1482,2019-07-03 16:02:47.800,82,VC 17/36
1483,2019-07-03 16:02:51.400,81,VC 17/36
1484,2019-07-03 16:03:49.800,82,VC 17/36
1487,2019-07-03 16:03:51.600,81,VC 17/36
1488,2019-07-03 16:03:59.600,82,VC 17/36
1491,2019-07-03 16:04:01.600,81,VC 17/36
1492,2019-07-03 16:04:23.600,82,VC 17/36
1495,2019-07-03 16:04:25.100,81,VC 17/36
1496,2019-07-03 16:05:42.000,82,VC 17/36
1499,2019-07-03 16:06:05.700,81,VC 17/36
1500,2019-07-03 16:07:11.000,82,VC 17/36
1503,2019-07-03 16:07:14.900,81,VC 17/36
1504,2019-07-03 16:07:27.300,82,VC 17/36
1507,2019-07-03 16:07:29.600,81,VC 17/36
1508,2019-07-03 16:07:30.500,82,VC 17/36
1509,2019-07-03 16:07:30.600,81,VC 17/36
1510,2019-07-03 16:07:41.700,82,VC 17/36
1515,2019-07-03 16:08:10.900,81,VC 17/36
1516,2019-07-03 16:08:52.600,82,VC 17/36
1519,2019-07-03 16:08:54.800,81,VC 17/36
1520,2019-07-03 16:08:57.100,82,VC 17/36
1521,2019-07-03 16:09:00.100,81,VC 17/36
1522,2019-07-03 16:09:03.600,82,VC 17/36
1523,2019-07-03 16:09:03.700,81,VC 17/36
1524,2019-07-03 16:09:04.100,82,VC 17/36
1525,2019-07-03 16:09:04.300,81,VC 17/36
1526,2019-07-03 16:09:04.900,82,VC 17/36
1527,2019-07-03 16:09:05.100,81,VC 17/36
1528,2019-07-03 16:09:52.100,82,VC 17/36
1529,2019-07-03 16:10:04.100,81,VC 17/36
1530,2019-07-03 16:10:36.100,82,VC 17/36
1531,2019-07-03 16:10:38.700,81,VC 17/36
1532,2019-07-03 16:10:54.100,82,VC 17/36
1533,2019-07-03 16:10:58.000,81,VC 17/36
1534,2019-07-03 16:11:37.000,82,VC 17/36
1537,2019-07-03 16:11:39.400,81,VC 17/36
1538,2019-07-03 16:13:51.600,82,VC 17/36
1539,2019-07-03 16:13:53.800,81,VC 17/36
1540,2019-07-03 16:14:17.900,82,VC 17/36
1543,2019-07-03 16:14:20.000,81,VC 17/36
1544,2019-07-03 16:14:36.000,82,VC 17/36
1545,2019-07-03 16:14:38.800,81,VC 17/36
1546,2019-07-03 16:14:59.200,82,VC 17/36
1547,2019-07-03 16:15:01.400,81,VC 17/36
1548,2019-07-03 16:15:01.500,82,VC 17/36
1549,2019-07-03 16:15:01.600,81,VC 17/36
1550,2019-07-03 16:15:23.000,82,VC 17/36
1551,2019-07-03 16:15:25.600,81,VC 17/36
1552,2019-07-03 16:15:25.700,82,VC 17/36
1553,2019-07-03 16:15:54.500,81,VC 17/36
1554,2019-07-03 16:16:11.900,82,VC 17/36
1555,2019-07-03 16:16:14.400,81,VC 17/36
1556,2019-07-03 16:16:14.500,82,VC 17/36
1557,2019-07-03 16:16:14.600,81,VC 17/36
1558,2019-07-03 16:16:19.400,82,VC 17/36
1559,2019-07-03 16:16:21.700,81,VC 17/36
1560,2019-07-03 16:16:29.700,82,VC 17/36
1561,2019-07-03 16:16:32.000,81,VC 17/36
1562,2019-07-03 16:16:59.300,82,VC 17/36
1565,2019-07-03 16:17:07.000,81,VC 17/36
1566,2019-07-03 16:17:16.000,82,VC 17/36
1569,2019-07-03 16:17:19.200,81,VC 17/36
1570,2019-07-03 16:17:22.000,82,VC 17/36
1571,2019-07-03 16:17:25.300,81,VC 17/36
1572,2019-07-03 16:18:04.600,82,VC 17/36
1575,2019-07-03 16:18:08.700,81,VC 17/36
1576,2019-07-03 16:18:21.300,82,VC 17/36
1577,2019-07-03 16:18:23.200,81,VC 17/36
1578,2019-07-03 16:18:52.900,82,VC 17/36
1581,2019-07-03 16:18:55.400,81,VC 17/36
1582,2019-07-03 16:18:55.500,82,VC 17/36
1583,2019-07-03 16:18:55.600,81,VC 17/36
1584,2019-07-03 16:20:21.500,82,VC 17/36
1585,2019-07-03 16:20:23.600,81,VC 17/36
1586,2019-07-03 16:21:00.300,82,VC 17/36
1589,2019-07-03 16:21:02.600,81,VC 17/36
1590,2019-07-03 16:21:34.800,82,VC 17/36
1591,2019-07-03 16:21:37.900,81,VC 17/36
1592,2019-07-03 16:23:12.900,82,VC 17/36
1593,2019-07-03 16:23:21.700,81,VC 17/36
1594,2019-07-03 16:23:57.400,82,VC 17/36
1595,2019-07-03 16:23:59.800,81,VC 17/36
1596,2019-07-03 16:25:01.600,82,VC 17/36
1599,2019-07-03 16:25:18.900,81,VC 17/36
1600,2019-07-03 16:25:36.900,82,VC 17/36
1601,2019-07-03 16:25:52.200,81,VC 17/36
1602,2019-07-03 16:27:57.600,82,VC 17/36
1603,2019-07-03 16:27:58.100,81,VC 17/36
1604,2019-07-03 16:28:28.400,82,VC 17/36
1605,2019-07-03 16:28:30.400,81,VC 17/36
1606,2019-07-03 16:29:21.600,82,VC 17/36
1607,2019-07-03 16:29:25.300,81,VC 17/36
1608,2019-07-03 16:30:32.300,82,VC 17/36
1609,2019-07-03 16:30:34.800,81,VC 17/36
1610,2019-07-03 16:31:33.900,82,VC 17/36
1611,2019-07-03 16:31:36.800,81,VC 17/36
1612,2019-07-03 16:32:18.100,82,VC 17/36
1615,2019-07-03 16:32:20.100,81,VC 17/36
1616,2019-07-03 16:32:29.500,82,VC 17/36
1617,2019-07-03 16:32:31.500,81,VC 17/36
1618,2019-07-03 16:32:40.200,82,VC 17/36
1621,2019-07-03 16:32:45.700,81,VC 17/36
1622,2019-07-03 16:33:55.500,82,VC 17/36
1623,2019-07-03 16:33:58.400,81,VC 17/36
1624,2019-07-03 16:34:46.100,82,VC 17/36
1626,2019-07-03 16:34:49.500,81,VC 17/36
1628,2019-07-03 16:34:51.500,82,VC 17/36
1629,2019-07-03 16:34:51.600,81,VC 17/36
1630,2019-07-03 16:36:43.600,82,VC 17/36
1631,2019-07-03 16:36:52.700,81,VC 17/36
1632,2019-07-03 16:38:02.300,82,VC 17/36
1633,2019-07-03 16:38:04.200,81,VC 17/36
1634,2019-07-03 16:39:45.300,82,VC 17/36
1635,2019-07-03 16:39:48.100,81,VC 17/36
1636,2019-07-03 16:40:19.400,82,VC 17/36
1637,2019-07-03 16:40:21.100,81,VC 17/36
1638,2019-07-03 16:40:27.800,82,VC 17/36
1642,2019-07-03 16:40:32.100,81,VC 17/36
1643,2019-07-03 16:41:53.800,82,VC 17/36
1644,2019-07-03 16:41:57.000,81,VC 17/36
1645,2019-07-03 16:42:50.600,82,VC 17/36
1648,2019-07-03 16:42:52.600,81,VC 17/36
1649,2019-07-03 16:43:30.700,82,VC 17/36
1650,2019-07-03 16:43:34.100,81,VC 17/36
1651,2019-07-03 16:45:16.900,82,VC 17/36
1652,2019-07-03 16:45:19.600,81,VC 17/36
1653,2019-07-03 16:45:48.600,82,VC 17/36
1656,2019-07-03 16:45:50.600,81,VC 17/36
1657,2019-07-03 16:46:09.600,82,VC 17/36
1658,2019-07-03 16:46:11.600,81,VC 17/36
1659,2019-07-03 16:46:13.400,82,VC 17/36
1662,2019-07-03 16:46:15.200,81,VC 17/36
1663,2019-07-03 16:46:27.900,82,VC 17/36
1664,2019-07-03 16:46:30.100,81,VC 17/36
1665,2019-07-03 16:47:30.400,82,VC 17/36
1666,2019-07-03 16:47:34.200,81,VC 17/36
1667,2019-07-03 16:47:34.400,82,VC 17/36
1668,2019-07-03 16:47:38.000,81,VC 17/36
1669,2019-07-03 16:47:41.900,82,VC 17/36
1672,2019-07-03 16:47:44.000,81,VC 17/36
1673,2019-07-03 16:47:45.100,82,VC 17/36
1674,2019-07-03 16:47:47.300,81,VC 17/36
1675,2019-07-03 16:47:51.200,82,VC 17/36
1676,2019-07-03 16:47:53.200,81,VC 17/36
1677,2019-07-03 16:48:19.100,82,VC 17/36
1680,2019-07-03 16:48:20.600,81,VC 17/36
1681,2019-07-03 16:48:36.800,82,VC 17/36
1682,2019-07-03 16:48:40.600,81,VC 17/36
1683,2019-07-03 16:49:03.500,82,VC 17/36
1684,2019-07-03 16:49:21.700,81,VC 17/36
1685,2019-07-03 16:49:22.100,82,VC 17/36
1692,2019-07-03 16:49:49.600,81,VC 17/36
1693,2019-07-03 16:50:01.700,82,VC 17/36
1696,2019-07-03 16:50:03.600,81,VC 17/36
1697,2019-07-03 16:52:22.600,82,VC 17/36
1698,2019-07-03 16:52:24.600,81,VC 17/36
1699,2019-07-03 16:52:29.800,82,VC 17/36
1702,2019-07-03 16:52:31.800,81,VC 17/36
1703,2019-07-03 16:53:08.600,82,VC 17/36
1704,2019-07-03 16:53:12.400,81,VC 17/36
1705,2019-07-03 16:53:12.500,82,VC 17/36
1706,2019-07-03 16:53:12.600,81,VC 17/36
1707,2019-07-03 16:53:27.000,82,VC 17/36
1708,2019-07-03 16:53:29.300,81,VC 17/36
1709,2019-07-03 16:53:29.900,82,VC 17/36
1710,2019-07-03 16:53:32.000,81,VC 17/36
1711,2019-07-03 16:54:05.000,82,VC 17/36
1712,2019-07-03 16:54:07.100,81,VC 17/36
1713,2019-07-03 16:54:27.600,82,VC 17/36
1714,2019-07-03 16:54:29.500,81,VC 17/36
1715,2019-07-03 16:56:36.800,82,VC 17/36
1718,2019-07-03 16:56:40.900,81,VC 17/36
1719,2019-07-03 16:56:55.600,82,VC 17/36
1720,2019-07-03 16:56:58.500,81,VC 17/36
1721,2019-07-03 16:56:58.800,82,VC 17/36
1724,2019-07-03 16:57:00.600,81,VC 17/36
1725,2019-07-03 16:57:26.100,82,VC 17/36
1726,2019-07-03 16:57:29.600,81,VC 17/36
1727,2019-07-03 16:59:07.000,82,VC 17/36
1730,2019-07-03 16:59:10.600,81,VC 17/36
1731,2019-07-03 17:00:38.000,82,VC 17/36
1732,2019-07-03 17:00:40.800,81,VC 17/36
1733,2019-07-03 17:00:45.500,82,VC 17/36
1736,2019-07-03 17:00:52.900,81,VC 17/36
1737,2019-07-03 17:00:58.600,82,VC 17/36
1740,2019-07-03 17:01:25.200,81,VC 17/36
1741,2019-07-03 17:02:53.900,82,VC 17/36
1742,2019-07-03 17:02:57.000,81,VC 17/36
1743,2019-07-03 17:03:21.000,82,VC 17/36
1744,2019-07-03 17:03:40.300,81,VC 17/36
1745,2019-07-03 17:05:32.400,82,VC 17/36
1746,2019-07-03 17:05:34.700,81,VC 17/36
1747,2019-07-03 17:07:08.800,82,VC 17/36
1748,2019-07-03 17:07:12.200,81,VC 17/36
1749,2019-07-03 17:07:36.300,82,VC 17/36
1750,2019-07-03 17:07:41.400,81,VC 17/36
1751,2019-07-03 17:07:54.600,82,VC 17/36
1754,2019-07-03 17:07:56.400,81,VC 17/36
1755,2019-07-03 17:07:56.500,82,VC 17/36
1756,2019-07-03 17:07:56.600,81,VC 17/36
1757,2019-07-03 17:08:01.100,82,VC 17/36
1760,2019-07-03 17:08:02.800,81,VC 17/36
1761,2019-07-03 17:08:04.400,82,VC 17/36
1762,2019-07-03 17:08:06.300,81,VC 17/36
1763,2019-07-03 17:08:27.900,82,VC 17/36
1764,2019-07-03 17:08:30.300,81,VC 17/36
1765,2019-07-03 17:09:13.700,82,VC 17/36
1766,2019-07-03 17:09:16.600,81,VC 17/36
1767,2019-07-03 17:10:43.900,82,VC 17/36
1768,2019-07-03 17:10:46.000,81,VC 17/36
1769,2019-07-03 17:10:56.600,82,VC 17/36
1772,2019-07-03 17:10:59.800,81,VC 17/36
1773,2019-07-03 17:11:03.200,82,VC 17/36
1776,2019-07-03 17:11:35.300,81,VC 17/36
1777,2019-07-03 17:11:37.300,82,VC 17/36
1786,2019-07-03 17:11:48.600,81,VC 17/36
1787,2019-07-03 17:12:06.600,82,VC 17/36
1788,2019-07-03 17:12:08.400,81,VC 17/36
1789,2019-07-03 17:12:08.500,82,VC 17/36
1790,2019-07-03 17:12:08.600,81,VC 17/36
1791,2019-07-03 17:13:35.600,82,VC 17/36
1794,2019-07-03 17:13:38.200,81,VC 17/36
1795,2019-07-03 17:16:37.900,82,VC 17/36
1800,2019-07-03 17:17:12.000,81,VC 17/36
1801,2019-07-03 17:19:15.600,82,VC 17/36
1804,2019-07-03 17:19:17.700,81,VC 17/36
1805,2019-07-03 17:19:53.300,82,VC 17/36
1806,2019-07-03 17:19:57.000,81,VC 17/36
1807,2019-07-03 17:23:23.800,82,VC 17/36
1808,2019-07-03 17:23:26.600,81,VC 17/36
1809,2019-07-03 17:23:42.000,82,VC 17/36
1810,2019-07-03 17:23:44.000,81,VC 17/36
1811,2019-07-03 17:23:48.200,82,VC 17/36
1814,2019-07-03 17:23:49.600,81,VC 17/36
1815,2019-07-03 17:23:50.600,82,VC 17/36
1818,2019-07-03 17:23:52.200,81,VC 17/36
1819,2019-07-03 17:24:04.200,82,VC 17/36
1820,2019-07-03 17:24:06.000,81,VC 17/36
1821,2019-07-03 17:24:42.000,82,VC 17/36
1822,2019-07-03 17:24:44.900,81,VC 17/36
1823,2019-07-03 17:25:28.100,82,VC 17/36
1824,2019-07-03 17:25:30.300,81,VC 17/36
1825,2019-07-03 17:25:41.400,82,VC 17/36
1826,2019-07-03 17:25:57.300,81,VC 17/36
1827,2019-07-03 17:27:11.800,82,VC 17/36
1828,2019-07-03 17:27:17.000,81,VC 17/36
1829,2019-07-03 17:27:36.500,82,VC 17/36
1832,2019-07-03 17:28:06.800,81,VC 17/36
1833,2019-07-03 17:28:06.900,82,VC 17/36
1834,2019-07-03 17:28:07.000,81,VC 17/36
1835,2019-07-03 17:28:27.200,82,VC 17/36
1836,2019-07-03 17:28:29.200,81,VC 17/36
1837,2019-07-03 17:30:23.700,82,VC 17/36
1840,2019-07-03 17:30:25.500,81,VC 17/36
1841,2019-07-03 17:30:31.800,82,VC 17/36
1842,2019-07-03 17:30:34.000,81,VC 17/36
1843,2019-07-03 17:31:21.800,82,VC 17/36
1844,2019-07-03 17:31:24.500,81,VC 17/36
1845,2019-07-03 17:32:08.200,82,VC 17/36
1846,2019-07-03 17:32:09.000,81,VC 17/36
1847,2019-07-03 17:32:09.100,82,VC 17/36
1850,2019-07-03 17:32:10.100,81,VC 17/36
1851,2019-07-03 17:33:16.700,82,VC 17/36
1856,2019-07-03 17:33:27.800,81,VC 17/36
1857,2019-07-03 17:34:48.300,82,VC 17/36
1858,2019-07-03 17:34:50.400,81,VC 17/36
1859,2019-07-03 17:36:36.000,82,VC 17/36
1862,2019-07-03 17:36:38.300,81,VC 17/36
1863,2019-07-03 17:36:51.400,82,VC 17/36
1864,2019-07-03 17:36:56.500,81,VC 17/36
1865,2019-07-03 17:40:50.300,82,VC 17/36
1866,2019-07-03 17:40:52.100,81,VC 17/36
1867,2019-07-03 17:42:57.100,82,VC 17/36
1872,2019-07-03 17:43:29.000,81,VC 17/36
1873,2019-07-03 17:43:30.400,82,VC 17/36
1874,2019-07-03 17:43:33.500,81,VC 17/36
1875,2019-07-03 17:44:31.000,82,VC 17/36
1876,2019-07-03 17:44:32.400,81,VC 17/36
1877,2019-07-03 17:44:32.500,82,VC 17/36
1878,2019-07-03 17:44:33.000,81,VC 17/36
1879,2019-07-03 17:45:22.000,82,VC 17/36
1880,2019-07-03 17:45:26.000,81,VC 17/36
1881,2019-07-03 17:46:06.100,82,VC 17/36
1882,2019-07-03 17:46:08.000,81,VC 17/36
1883,2019-07-03 17:47:19.600,82,VC 17/36
1884,2019-07-03 17:47:21.900,81,VC 17/36
1885,2019-07-03 17:47:26.000,82,VC 17/36
1886,2019-07-03 17:47:27.600,81,VC 17/36
1887,2019-07-03 17:48:43.200,82,VC 17/36
1888,2019-07-03 17:48:47.000,81,VC 17/36
1889,2019-07-03 17:49:13.900,82,VC 17/36
1890,2019-07-03 17:49:20.500,81,VC 17/36
1891,2019-07-03 17:52:39.000,82,VC 17/36
1894,2019-07-03 17:52:41.200,81,VC 17/36
1895,2019-07-03 17:52:43.900,82,VC 17/36
1896,2019-07-03 17:52:46.400,81,VC 17/36
1897,2019-07-03 17:53:18.600,82,VC 17/36
1898,2019-07-03 17:53:33.000,81,VC 17/36
1899,2019-07-03 17:54:12.500,82,VC 17/36
1900,2019-07-03 17:54:14.300,81,VC 17/36
1901,2019-07-03 17:56:22.400,82,VC 17/36
1902,2019-07-03 17:56:24.400,81,VC 17/36
1903,2019-07-03 17:56:52.100,82,VC 17/36
1904,2019-07-03 17:56:55.000,81,VC 17/36
1905,2019-07-03 17:56:58.400,82,VC 17/36
1906,2019-07-03 17:57:01.600,81,VC 17/36
1907,2019-07-03 17:57:45.200,82,VC 17/36
1908,2019-07-03 17:57:50.000,81,VC 17/36
1909,2019-07-03 17:58:31.000,82,VC 17/36
1912,2019-07-03 17:58:33.000,81,VC 17/36
1913,2019-07-03 17:59:24.700,82,VC 17/36
1914,2019-07-03 17:59:28.000,81,VC 17/36
1915,2019-07-03 18:01:00.700,82,VC 17/36
1916,2019-07-03 18:01:03.700,81,VC 17/36
1917,2019-07-03 18:01:47.700,82,VC 17/36
1918,2019-07-03 18:01:50.700,81,VC 17/36
1919,2019-07-03 18:01:52.400,82,VC 17/36
1920,2019-07-03 18:01:56.100,81,VC 17/36
1921,2019-07-03 18:05:05.800,82,VC 17/36
1922,2019-07-03 18:05:08.300,81,VC 17/36
1923,2019-07-03 18:05:12.700,82,VC 17/36
1926,2019-07-03 18:05:18.800,81,VC 17/36
1927,2019-07-03 18:05:18.900,82,VC 17/36
1928,2019-07-03 18:05:19.000,81,VC 17/36
1929,2019-07-03 18:08:41.000,82,VC 17/36
1932,2019-07-03 18:09:11.900,81,VC 17/36
1933,2019-07-03 18:09:31.200,82,VC 17/36
1934,2019-07-03 18:09:34.200,81,VC 17/36
1935,2019-07-03 18:10:02.800,82,VC 17/36
1936,2019-07-03 18:10:07.000,81,VC 17/36
1937,2019-07-03 18:11:42.400,82,VC 17/36
1940,2019-07-03 18:11:45.000,81,VC 17/36
1941,2019-07-03 18:12:29.700,82,VC 17/36
1942,2019-07-03 18:12:35.900,81,VC 17/36
1943,2019-07-03 18:13:16.000,82,VC 17/36
1944,2019-07-03 18:13:18.400,81,VC 17/36
1945,2019-07-03 18:13:38.000,82,VC 17/36
1948,2019-07-03 18:13:47.000,81,VC 17/36
1949,2019-07-03 18:15:04.500,82,VC 17/36
1950,2019-07-03 18:15:06.800,81,VC 17/36
1951,2019-07-03 18:15:06.900,82,VC 17/36
1952,2019-07-03 18:15:07.000,81,VC 17/36
1953,2019-07-03 18:15:25.500,82,VC 17/36
1954,2019-07-03 18:15:36.400,81,VC 17/36
1955,2019-07-03 18:15:43.900,82,VC 17/36
1956,2019-07-03 18:15:46.100,81,VC 17/36
1957,2019-07-03 18:16:40.000,82,VC 17/36
1958,2019-07-03 18:16:42.100,81,VC 17/36
1959,2019-07-03 18:18:54.700,82,VC 17/36
1960,2019-07-03 18:18:57.000,81,VC 17/36
1961,2019-07-03 18:19:57.600,82,VC 17/36
1962,2019-07-03 18:20:00.000,81,VC 17/36
1963,2019-07-03 18:20:40.300,82,VC 17/36
1964,2019-07-03 18:20:42.400,81,VC 17/36
1965,2019-07-03 18:23:49.900,82,VC 17/36
1966,2019-07-03 18:23:58.000,81,VC 17/36
1967,2019-07-03 18:24:03.200,82,VC 17/36
1968,2019-07-03 18:24:05.100,81,VC 17/36
1969,2019-07-03 18:24:38.400,82,VC 17/36
1972,2019-07-03 18:24:42.400,81,VC 17/36
1973,2019-07-03 18:24:56.800,82,VC 17/36
1976,2019-07-03 18:25:00.000,81,VC 17/36
1977,2019-07-03 18:26:12.200,82,VC 17/36
1978,2019-07-03 18:26:16.000,81,VC 17/36
1979,2019-07-03 18:26:41.700,82,VC 17/36
1980,2019-07-03 18:26:47.700,81,VC 17/36
1981,2019-07-03 18:27:37.000,82,VC 17/36
1982,2019-07-03 18:27:39.800,81,VC 17/36
1983,2019-07-03 18:29:03.000,82,VC 17/36
1986,2019-07-03 18:29:15.800,81,VC 17/36
1987,2019-07-03 18:29:41.400,82,VC 17/36
1988,2019-07-03 18:29:43.200,81,VC 17/36
1989,2019-07-03 18:32:51.100,82,VC 17/36
1992,2019-07-03 18:32:53.000,81,VC 17/36
1993,2019-07-03 18:32:58.200,82,VC 17/36
1994,2019-07-03 18:33:00.200,81,VC 17/36
1995,2019-07-03 18:34:27.000,82,VC 17/36
1996,2019-07-03 18:34:35.400,81,VC 17/36
1997,2019-07-03 18:35:15.000,82,VC 17/36
2000,2019-07-03 18:35:17.000,81,VC 17/36
2001,2019-07-03 18:35:31.300,82,VC 17/36
2004,2019-07-03 18:35:34.000,81,VC 17/36
2005,2019-07-03 18:35:50.100,82,VC 17/36
2006,2019-07-03 18:35:52.200,81,VC 17/36
2007,2019-07-03 18:36:53.800,82,VC 17/36
2008,2019-07-03 18:36:56.000,81,VC 17/36
2009,2019-07-03 18:37:33.600,82,VC 17/36
2010,2019-07-03 18:37:35.700,81,VC 17/36
2011,2019-07-03 18:39:04.400,82,VC 17/36
2012,2019-07-03 18:39:07.400,81,VC 17/36
2013,2019-07-03 18:43:16.000,82,VC 17/36
2016,2019-07-03 18:43:19.000,81,VC 17/36
2017,2019-07-03 18:45:26.700,82,VC 17/36
2018,2019-07-03 18:45:29.300,81,VC 17/36
2019,2019-07-03 18:46:10.000,82,VC 17/36
2022,2019-07-03 18:46:21.500,81,VC 17/36
2023,2019-07-03 18:46:44.100,82,VC 17/36
2024,2019-07-03 18:46:47.000,81,VC 17/36
2025,2019-07-03 18:46:50.200,82,VC 17/36
2026,2019-07-03 18:46:54.300,81,VC 17/36
2027,2019-07-03 18:47:29.500,82,VC 17/36
2028,2019-07-03 18:47:31.500,81,VC 17/36
2029,2019-07-03 18:48:05.800,82,VC 17/36
2032,2019-07-03 18:48:08.000,81,VC 17/36
2033,2019-07-03 18:50:36.500,82,VC 17/36
2034,2019-07-03 18:50:37.800,81,VC 17/36
2035,2019-07-03 18:50:37.900,82,VC 17/36
2036,2019-07-03 18:50:38.300,81,VC 17/36
2037,2019-07-03 18:51:53.000,82,VC 17/36
2038,2019-07-03 18:51:56.100,81,VC 17/36
2039,2019-07-03 18:52:12.700,82,VC 17/36
2040,2019-07-03 18:52:25.600,81,VC 17/36
2041,2019-07-03 18:52:55.000,82,VC 17/36
2042,2019-07-03 18:52:57.000,81,VC 17/36
2043,2019-07-03 18:55:56.400,82,VC 17/36
2044,2019-07-03 18:55:58.400,81,VC 17/36
2045,2019-07-03 18:57:07.000,82,VC 17/36
2046,2019-07-03 18:57:11.000,81,VC 17/36
2047,2019-07-03 19:00:42.000,82,VC 17/36
2048,2019-07-03 19:00:45.000,81,VC 17/36
2049,2019-07-03 19:01:00.300,82,VC 17/36
2050,2019-07-03 19:01:01.800,81,VC 17/36
2051,2019-07-03 19:01:01.900,82,VC 17/36
2052,2019-07-03 19:01:02.000,81,VC 17/36
2053,2019-07-03 19:01:06.500,82,VC 17/36
2054,2019-07-03 19:01:08.600,81,VC 17/36
2055,2019-07-03 19:01:15.900,82,VC 17/36
2058,2019-07-03 19:01:17.600,81,VC 17/36
2059,2019-07-03 19:03:34.700,82,VC 17/36
2060,2019-07-03 19:03:37.300,81,VC 17/36
2061,2019-07-03 19:03:40.100,82,VC 17/36
2062,2019-07-03 19:03:41.600,81,VC 17/36
2063,2019-07-03 19:04:17.300,82,VC 17/36
2064,2019-07-03 19:04:37.000,81,VC 17/36
2065,2019-07-03 19:04:52.500,82,VC 17/36
2066,2019-07-03 19:04:54.800,81,VC 17/36
2067,2019-07-03 19:05:35.000,82,VC 17/36
2068,2019-07-03 19:05:37.400,81,VC 17/36
2069,2019-07-03 19:05:37.500,82,VC 17/36
2070,2019-07-03 19:05:38.600,81,VC 17/36
2071,2019-07-03 19:08:37.800,82,VC 17/36
2074,2019-07-03 19:08:39.800,81,VC 17/36
2075,2019-07-03 19:09:16.100,82,VC 17/36
2078,2019-07-03 19:09:18.100,81,VC 17/36
2079,2019-07-03 19:11:23.300,82,VC 17/36
2080,2019-07-03 19:11:25.200,81,VC 17/36
2081,2019-07-03 19:12:13.200,82,VC 17/36
2082,2019-07-03 19:12:17.000,81,VC 17/36
2083,2019-07-03 19:13:45.400,82,VC 17/36
2084,2019-07-03 19:13:57.700,81,VC 17/36
2085,2019-07-03 19:14:24.000,82,VC 17/36
2086,2019-07-03 19:14:26.500,81,VC 17/36
2087,2019-07-03 19:16:09.000,82,VC 17/36
2088,2019-07-03 19:16:11.300,81,VC 17/36
2089,2019-07-03 19:16:16.400,82,VC 17/36
2092,2019-07-03 19:16:18.600,81,VC 17/36
2093,2019-07-03 19:16:22.900,82,VC 17/36
2094,2019-07-03 19:16:25.500,81,VC 17/36
2095,2019-07-03 19:18:50.800,82,VC 17/36
2096,2019-07-03 19:18:54.000,81,VC 17/36
2097,2019-07-03 19:19:43.700,82,VC 17/36
2100,2019-07-03 19:19:47.000,81,VC 17/36
2101,2019-07-03 19:19:51.700,82,VC 17/36
2102,2019-07-03 19:19:54.900,81,VC 17/36
2103,2019-07-03 19:20:05.600,82,VC 17/36
2104,2019-07-03 19:20:07.700,81,VC 17/36
2105,2019-07-03 19:22:48.600,82,VC 17/36
2106,2019-07-03 19:22:51.300,81,VC 17/36
2107,2019-07-03 19:23:15.600,82,VC 17/36
2108,2019-07-03 19:23:17.900,81,VC 17/36
2109,2019-07-03 19:23:23.600,82,VC 17/36
2112,2019-07-03 19:23:25.300,81,VC 17/36
2113,2019-07-03 19:26:07.300,82,VC 17/36
2117,2019-07-03 19:26:12.100,81,VC 17/36
2118,2019-07-03 19:26:36.800,82,VC 17/36
2121,2019-07-03 19:26:47.100,81,VC 17/36
2122,2019-07-03 19:27:00.100,82,VC 17/36
2123,2019-07-03 19:27:02.700,81,VC 17/36
2124,2019-07-03 19:27:33.200,82,VC 17/36
2127,2019-07-03 19:27:36.300,81,VC 17/36
2128,2019-07-03 19:29:59.500,82,VC 17/36
2129,2019-07-03 19:30:02.800,81,VC 17/36
2130,2019-07-03 19:31:28.200,82,VC 17/36
2131,2019-07-03 19:31:30.600,81,VC 17/36
2132,2019-07-03 19:31:46.300,82,VC 17/36
2133,2019-07-03 19:31:49.700,81,VC 17/36
2134,2019-07-03 19:34:09.800,82,VC 17/36
2135,2019-07-03 19:34:14.400,81,VC 17/36
2136,2019-07-03 19:34:55.800,82,VC 17/36
2137,2019-07-03 19:34:59.400,81,VC 17/36
2138,2019-07-03 19:40:54.300,82,VC 17/36
2139,2019-07-03 19:40:56.100,81,VC 17/36
2140,2019-07-03 19:42:07.500,82,VC 17/36
2143,2019-07-03 19:42:09.800,81,VC 17/36
2144,2019-07-03 19:42:09.900,82,VC 17/36
2145,2019-07-03 19:42:10.000,81,VC 17/36
2146,2019-07-03 19:44:18.000,82,VC 17/36
2147,2019-07-03 19:44:20.800,81,VC 17/36
2148,2019-07-03 19:44:20.900,82,VC 17/36
2149,2019-07-03 19:44:21.000,81,VC 17/36
2150,2019-07-03 19:54:38.000,82,VC 17/36
2151,2019-07-03 19:54:41.500,81,VC 17/36
2152,2019-07-03 19:54:44.100,82,VC 17/36
2153,2019-07-03 19:54:47.300,81,VC 17/36
2154,2019-07-03 19:54:56.600,82,VC 17/36
2155,2019-07-03 19:55:00.200,81,VC 17/36
2156,2019-07-03 19:55:01.700,82,VC 17/36
2157,2019-07-03 19:55:04.300,81,VC 17/36
2158,2019-07-03 19:58:02.100,82,VC 17/36
2159,2019-07-03 19:58:04.500,81,VC 17/36
2160,2019-07-03 19:58:21.500,82,VC 17/36
2161,2019-07-03 19:58:24.800,81,VC 17/36
2162,2019-07-03 20:00:19.200,82,VC 17/36
2163,2019-07-03 20:00:24.400,81,VC 17/36
2164,2019-07-03 20:01:59.300,82,VC 17/36
2165,2019-07-03 20:01:59.700,81,VC 17/36
2166,2019-07-03 20:02:00.100,82,VC 17/36
2167,2019-07-03 20:02:00.700,81,VC 17/36
2168,2019-07-03 20:02:01.200,82,VC 17/36
2169,2019-07-03 20:02:01.700,81,VC 17/36
2170,2019-07-03 20:02:02.300,82,VC 17/36
2171,2019-07-03 20:02:02.800,81,VC 17/36
2172,2019-07-03 20:02:05.300,82,VC 17/36
2173,2019-07-03 20:02:10.400,81,VC 17/36
2174,2019-07-03 20:02:10.600,82,VC 17/36
2175,2019-07-03 20:02:13.700,81,VC 17/36
2176,2019-07-03 20:03:31.700,82,VC 17/36
2177,2019-07-03 20:03:34.200,81,VC 17/36
2178,2019-07-03 20:03:42.400,82,VC 17/36
2181,2019-07-03 20:03:44.100,81,VC 17/36
2182,2019-07-03 20:05:14.100,82,VC 17/36
2185,2019-07-03 20:05:18.200,81,VC 17/36
2186,2019-07-03 20:05:56.700,82,VC 17/36
2189,2019-07-03 20:06:04.000,81,VC 17/36
2190,2019-07-03 20:09:08.200,82,VC 17/36
2191,2019-07-03 20:09:11.100,81,VC 17/36
2192,2019-07-03 20:10:39.400,82,VC 17/36
2193,2019-07-03 20:10:44.100,81,VC 17/36
2194,2019-07-03 20:13:29.200,82,VC 17/36
2195,2019-07-03 20:13:34.100,81,VC 17/36
2196,2019-07-03 20:13:42.700,82,VC 17/36
2197,2019-07-03 20:13:46.300,81,VC 17/36
2198,2019-07-03 20:13:49.200,82,VC 17/36
2199,2019-07-03 20:13:52.100,81,VC 17/36
2200,2019-07-03 20:13:53.600,82,VC 17/36
2203,2019-07-03 20:13:56.000,81,VC 17/36
2204,2019-07-03 20:14:07.600,82,VC 17/36
2205,2019-07-03 20:14:09.600,81,VC 17/36
2206,2019-07-03 20:15:07.100,82,VC 17/36
2207,2019-07-03 20:15:10.000,81,VC 17/36
2208,2019-07-03 20:15:28.200,82,VC 17/36
2209,2019-07-03 20:15:32.000,81,VC 17/36
2210,2019-07-03 20:19:27.800,82,VC 17/36
2211,2019-07-03 20:19:31.600,81,VC 17/36
2212,2019-07-03 20:21:28.200,82,VC 17/36
2215,2019-07-03 20:21:29.800,81,VC 17/36
2216,2019-07-03 20:21:29.900,82,VC 17/36
2217,2019-07-03 20:21:30.000,81,VC 17/36
2218,2019-07-03 20:23:43.600,82,VC 17/36
2219,2019-07-03 20:23:45.800,81,VC 17/36
2220,2019-07-03 20:23:45.900,82,VC 17/36
2221,2019-07-03 20:23:46.000,81,VC 17/36
2222,2019-07-03 20:25:02.100,82,VC 17/36
2223,2019-07-03 20:25:05.200,81,VC 17/36
2224,2019-07-03 20:25:33.100,82,VC 17/36
2225,2019-07-03 20:25:35.200,81,VC 17/36
2226,2019-07-03 20:29:33.600,82,VC 17/36
2227,2019-07-03 20:29:40.200,81,VC 17/36
2228,2019-07-03 20:29:49.200,82,VC 17/36
2231,2019-07-03 20:29:51.700,81,VC 17/36
2232,2019-07-03 20:30:08.400,82,VC 17/36
2233,2019-07-03 20:30:12.600,81,VC 17/36
2234,2019-07-03 20:31:26.000,82,VC 17/36
2235,2019-07-03 20:31:29.400,81,VC 17/36
2236,2019-07-03 20:31:57.800,82,VC 17/36
2237,2019-07-03 20:32:00.800,81,VC 17/36
2238,2019-07-03 20:33:26.300,82,VC 17/36
2239,2019-07-03 20:33:29.600,81,VC 17/36
2240,2019-07-03 20:33:41.700,82,VC 17/36
2243,2019-07-03 20:33:44.100,81,VC 17/36
2244,2019-07-03 20:33:46.000,82,VC 17/36
2245,2019-07-03 20:33:46.400,81,VC 17/36
2246,2019-07-03 20:33:46.600,82,VC 17/36
2247,2019-07-03 20:33:47.100,81,VC 17/36
2248,2019-07-03 20:33:47.400,82,VC 17/36
2249,2019-07-03 20:33:48.300,81,VC 17/36
2250,2019-07-03 20:33:48.900,82,VC 17/36
2251,2019-07-03 20:33:49.900,81,VC 17/36
2252,2019-07-03 20:34:53.000,82,VC 17/36
2253,2019-07-03 20:34:57.000,81,VC 17/36
2254,2019-07-03 20:36:00.700,82,VC 17/36
2255,2019-07-03 20:36:03.400,81,VC 17/36
2256,2019-07-03 20:36:04.000,82,VC 17/36
2259,2019-07-03 20:36:06.100,81,VC 17/36
2260,2019-07-03 20:39:38.500,82,VC 17/36
2261,2019-07-03 20:39:41.700,81,VC 17/36
2262,2019-07-03 20:39:59.500,82,VC 17/36
2263,2019-07-03 20:40:16.300,81,VC 17/36
2264,2019-07-03 20:41:26.200,82,VC 17/36
2269,2019-07-03 20:41:29.500,81,VC 17/36
2270,2019-07-03 20:45:36.300,82,VC 17/36
2273,2019-07-03 20:45:38.100,81,VC 17/36
2274,2019-07-03 20:51:12.300,82,VC 17/36
2275,2019-07-03 20:51:14.800,81,VC 17/36
2276,2019-07-03 20:51:14.900,82,VC 17/36
2277,2019-07-03 20:51:15.000,81,VC 17/36
2278,2019-07-03 20:56:52.000,82,VC 17/36
2279,2019-07-03 20:56:54.100,81,VC 17/36
2280,2019-07-03 21:02:19.500,82,VC 17/36
2281,2019-07-03 21:02:23.400,81,VC 17/36
2282,2019-07-03 21:02:50.300,82,VC 17/36
2283,2019-07-03 21:02:53.000,81,VC 17/36
2284,2019-07-03 21:04:39.800,82,VC 17/36
2285,2019-07-03 21:04:41.500,81,VC 17/36
2286,2019-07-03 21:04:41.600,82,VC 17/36
2287,2019-07-03 21:04:42.200,81,VC 17/36
2288,2019-07-03 21:05:52.700,82,VC 17/36
2289,2019-07-03 21:05:54.200,81,VC 17/36
2290,2019-07-03 21:05:54.300,82,VC 17/36
2291,2019-07-03 21:05:54.700,81,VC 17/36
2292,2019-07-03 21:14:41.000,82,VC 17/36
2293,2019-07-03 21:14:48.500,81,VC 17/36
2294,2019-07-03 21:16:08.400,82,VC 17/36
2295,2019-07-03 21:16:10.700,81,VC 17/36
2296,2019-07-03 21:16:29.600,82,VC 17/36
2297,2019-07-03 21:16:31.700,81,VC 17/36
2298,2019-07-03 21:20:56.400,82,VC 17/36
2299,2019-07-03 21:20:58.200,81,VC 17/36
2300,2019-07-03 21:20:58.300,82,VC 17/36
2301,2019-07-03 21:20:58.400,81,VC 17/36
2302,2019-07-03 21:24:18.300,82,VC 17/36
2303,2019-07-03 21:24:24.100,81,VC 17/36
2304,2019-07-03 21:24:50.400,82,VC 17/36
2307,2019-07-03 21:24:52.500,81,VC 17/36
2308,2019-07-03 21:25:30.100,82,VC 17/36
2309,2019-07-03 21:25:32.000,81,VC 17/36
2310,2019-07-03 21:33:25.300,82,VC 17/36
2311,2019-07-03 21:33:35.600,81,VC 17/36
2312,2019-07-03 21:35:03.000,82,VC 17/36
2315,2019-07-03 21:35:05.700,81,VC 17/36
2316,2019-07-03 21:41:37.000,82,VC 17/36
2317,2019-07-03 21:41:39.200,81,VC 17/36
2318,2019-07-03 21:45:41.100,82,VC 17/36
2321,2019-07-03 21:45:44.100,81,VC 17/36
2322,2019-07-03 21:46:42.200,82,VC 17/36
2323,2019-07-03 21:46:44.700,81,VC 17/36
2324,2019-07-03 22:10:54.100,82,VC 17/36
2327,2019-07-03 22:10:56.000,81,VC 17/36
2328,2019-07-03 22:12:18.600,82,VC 17/36
2329,2019-07-03 22:12:21.500,81,VC 17/36
2330,2019-07-03 22:14:50.800,82,VC 17/36
2331,2019-07-03 22:14:53.000,81,VC 17/36
2332,2019-07-03 22:18:26.300,82,VC 17/36
2333,2019-07-03 22:18:28.700,81,VC 17/36
2334,2019-07-03 22:19:14.100,82,VC 17/36
2335,2019-07-03 22:19:17.400,81,VC 17/36
2336,2019-07-03 22:20:07.600,82,VC 17/36
2339,2019-07-03 22:20:09.700,81,VC 17/36
2340,2019-07-03 22:31:59.000,82,VC 17/36
2341,2019-07-03 22:32:00.700,81,VC 17/36
2342,2019-07-03 22:40:08.600,82,VC 17/36
2343,2019-07-03 22:40:10.700,81,VC 17/36
2344,2019-07-03 22:48:26.200,82,VC 17/36
2345,2019-07-03 22:48:29.700,81,VC 17/36
2346,2019-07-03 22:52:44.400,82,VC 17/36
2347,2019-07-03 22:52:46.300,81,VC 17/36
2348,2019-07-03 22:55:46.700,82,VC 17/36
2351,2019-07-03 22:55:51.200,81,VC 17/36
2352,2019-07-03 22:59:37.500,82,VC 17/36
2353,2019-07-03 22:59:53.000,81,VC 17/36
2354,2019-07-03 23:02:10.700,82,VC 17/36
2357,2019-07-03 23:02:12.600,81,VC 17/36
2358,2019-07-03 23:07:29.300,82,VC 17/36
2359,2019-07-03 23:07:31.100,81,VC 17/36
2360,2019-07-03 23:08:58.400,82,VC 17/36
2361,2019-07-03 23:09:01.100,81,VC 17/36
2362,2019-07-03 23:09:24.700,82,VC 17/36
2365,2019-07-03 23:09:27.000,81,VC 17/36
2366,2019-07-03 23:10:02.400,82,VC 17/36
2367,2019-07-03 23:10:03.900,81,VC 17/36
2368,2019-07-03 23:10:04.000,82,VC 17/36
2369,2019-07-03 23:10:04.500,81,VC 17/36
2370,2019-07-03 23:10:07.200,82,VC 17/36
2371,2019-07-03 23:10:10.000,81,VC 17/36
2372,2019-07-03 23:21:04.300,82,VC 17/36
2375,2019-07-03 23:21:06.000,81,VC 17/36
2376,2019-07-03 23:51:42.200,82,VC 17/36
2377,2019-07-03 23:51:44.500,81,VC 17/36
2378,2019-07-03 23:55:25.100,82,VC 17/36
2381,2019-07-03 23:55:27.000,81,VC 17/36
