,Start Time,Duration,Error Type,Light
0,2019-07-03 00:04:19.000,0.2,L0P1,Not Green
1,2019-07-03 00:27:36.100,0.3,L0P1,Not Green
2,2019-07-03 01:24:47.600,0.2,L0P1,Not Green
3,2019-07-03 01:31:23.100,0.1,L1P0,During Green
4,2019-07-03 01:31:25.200,0.2,L0P1,Not Green
5,2019-07-03 02:19:47.900,0.2,L0P1,Not Green
7,2019-07-03 03:38:23.200,0.2,L0P1,Not Green
8,2019-07-03 03:47:54.800,0.3,L0P1,During Green
9,2019-07-03 03:48:02.300,0.7,L0P1,Not Green
10,2019-07-03 03:49:43.500,0.3,L0P1,Not Green
11,2019-07-03 03:52:44.300,0.1,L0P1,Not Green
12,2019-07-03 03:52:46.600,0.2,L0P1,Not Green
13,2019-07-03 04:03:44.800,0.1,L1P0,Not Green
14,2019-07-03 04:03:46.700,0.2,L0P1,Not Green
15,2019-07-03 04:37:23.500,0.1,L0P1,Not Green
16,2019-07-03 04:37:25.500,0.4,L0P1,Not Green
17,2019-07-03 04:42:01.400,0.1,L1P0,During Green
18,2019-07-03 04:42:03.600,0.2,L0P1,Not Green
19,2019-07-03 04:42:11.300,0.2,L0P1,Not Green
20,2019-07-03 04:54:13.600,0.1,L1P0,Not Green
21,2019-07-03 04:54:15.400,0.1,L0P1,Not Green
22,2019-07-03 05:01:42.700,0.1,L1P0,During Green
23,2019-07-03 05:01:45.900,0.4,L0P1,Not Green
24,2019-07-03 05:24:40.000,0.2,L1P0,Not Green
25,2019-07-03 05:24:42.300,0.3,L0P1,Not Green
26,2019-07-03 05:30:04.500,0.1,L0P1,Not Green
27,2019-07-03 05:30:28.700,0.2,L1P0,Not Green
28,2019-07-03 05:30:30.800,0.2,L0P1,Not Green
29,2019-07-03 05:31:03.300,0.1,L1P0,Not Green
30,2019-07-03 05:31:05.100,0.3,L0P1,Not Green
31,2019-07-03 05:32:30.200,0.3,L0P1,Not Green
32,2019-07-03 05:40:15.900,0.2,L0P1,Not Green
33,2019-07-03 05:41:10.600,0.2,L0P1,Not Green
34,2019-07-03 05:46:35.600,0.2,L0P1,Not Green
35,2019-07-03 06:00:31.200,0.1,L0P1,During Green
36,2019-07-03 06:00:33.400,0.4,L0P1,Not Green
37,2019-07-03 06:08:21.400,0.1,L1P0,Not Green
38,2019-07-03 06:08:24.200,0.3,L0P1,During Green
39,2019-07-03 06:09:11.500,0.2,L0P1,During Green
40,2019-07-03 06:09:52.000,0.1,L1P0,Not Green
41,2019-07-03 06:09:54.600,0.2,L0P1,Not Green
42,2019-07-03 06:11:36.400,0.1,L1P0,Not Green
43,2019-07-03 06:13:48.900,0.3,L0P1,Not Green
44,2019-07-03 06:17:33.200,0.3,L0P1,Not Green
45,2019-07-03 06:18:08.800,0.1,L1P0,Not Green
46,2019-07-03 06:18:10.700,0.3,L0P1,Not Green
47,2019-07-03 06:20:27.300,0.2,L0P1,Not Green
48,2019-07-03 06:23:17.200,0.1,L1P0,During Green
49,2019-07-03 06:23:31.600,0.3,L0P1,During Green
50,2019-07-03 06:27:12.100,0.1,L0P1,Not Green
51,2019-07-03 06:27:14.600,0.1,L0P1,Not Green
52,2019-07-03 06:28:02.600,0.1,L1P0,During Green
53,2019-07-03 06:28:04.600,0.7,L0P1,During Green
54,2019-07-03 06:31:05.600,0.1,L1P0,During Green
55,2019-07-03 06:31:07.600,0.5,L0P1,Not Green
56,2019-07-03 06:31:57.600,0.1,L0P1,Not Green
57,2019-07-03 06:32:12.100,0.1,L1P0,Not Green
58,2019-07-03 06:32:17.600,0.4,L0P1,Not Green
59,2019-07-03 06:32:19.500,0.1,L0P1,Not Green
60,2019-07-03 06:32:29.400,0.5,L0P1,During Green
61,2019-07-03 06:34:58.300,0.2,L1P0,Not Green
62,2019-07-03 06:35:00.300,0.1,L0P1,Not Green
63,2019-07-03 06:36:55.100,0.3,L0P1,Not Green
64,2019-07-03 06:41:02.600,0.2,L0P1,Not Green
65,2019-07-03 06:46:31.800,0.2,L0P1,Not Green
66,2019-07-03 06:48:26.200,0.3,L0P1,Not Green
67,2019-07-03 06:49:15.600,0.6,L0P1,Not Green
68,2019-07-03 06:51:11.300,0.1,L1P0,Not Green
69,2019-07-03 06:51:13.200,0.2,L0P1,Not Green
70,2019-07-03 06:55:22.100,0.1,L1P0,Not Green
71,2019-07-03 06:55:26.300,0.2,L0P1,Not Green
72,2019-07-03 07:00:03.800,0.1,L1P0,During Green
73,2019-07-03 07:00:05.700,0.2,L0P1,Not Green
74,2019-07-03 07:02:40.000,0.3,L0P1,Not Green
75,2019-07-03 07:06:07.000,0.1,L1P0,During Green
76,2019-07-03 07:06:09.500,0.2,L0P1,During Green
77,2019-07-03 07:06:10.100,0.1,L1P0,During Green
78,2019-07-03 07:06:19.600,0.1,L0P1,Not Green
79,2019-07-03 07:06:38.900,0.3,L1P0,During Green
80,2019-07-03 07:06:40.600,0.3,L0P1,Not Green
81,2019-07-03 07:14:25.700,0.2,L0P1,Not Green
82,2019-07-03 07:15:11.200,0.1,L0P1,During Green
83,2019-07-03 07:15:17.600,0.2,L0P1,During Green
84,2019-07-03 07:15:37.900,0.2,L0P1,Not Green
85,2019-07-03 07:18:59.800,0.1,L0P1,Not Green
86,2019-07-03 07:19:01.600,0.6,L0P1,Not Green
87,2019-07-03 07:19:48.900,0.1,L0P1,Not Green
88,2019-07-03 07:19:52.600,0.5,L0P1,Not Green
89,2019-07-03 07:21:22.900,0.3,L0P1,Not Green
90,2019-07-03 07:21:26.200,0.5,L0P1,Not Green
91,2019-07-03 07:23:22.500,0.1,L0P1,During Green
92,2019-07-03 07:23:25.600,0.2,L0P1,During Green
93,2019-07-03 07:25:16.400,0.1,L1P0,Not Green
94,2019-07-03 07:25:44.600,0.2,L0P1,Not Green
95,2019-07-03 07:30:51.700,0.1,L1P0,Not Green
96,2019-07-03 07:30:53.600,0.2,L0P1,Not Green
97,2019-07-03 07:37:46.200,0.3,L0P1,Not Green
98,2019-07-03 07:40:20.200,0.1,L1P0,Not Green
99,2019-07-03 07:40:22.300,0.3,L0P1,Not Green
100,2019-07-03 07:40:35.600,0.7,L0P1,Not Green
101,2019-07-03 07:40:42.200,0.1,L1P0,Not Green
102,2019-07-03 07:40:43.800,0.1,L0P1,Not Green
103,2019-07-03 07:41:48.800,0.6,L0P1,Not Green
104,2019-07-03 07:41:49.600,0.1,L0P1,During Green
105,2019-07-03 07:41:53.600,0.3,L0P1,Not Green
106,2019-07-03 07:47:26.600,0.1,L0P1,During Green
107,2019-07-03 07:49:15.400,0.1,L0P1,During Green
108,2019-07-03 07:49:19.100,0.7,L0P1,During Green
109,2019-07-03 07:51:12.700,0.5,L0P1,Not Green
110,2019-07-03 07:54:52.300,0.2,L0P1,Not Green
111,2019-07-03 07:58:16.700,0.1,L1P0,During Green
112,2019-07-03 07:58:19.600,0.5,L0P1,Not Green
113,2019-07-03 08:02:34.200,0.1,L1P0,Not Green
114,2019-07-03 08:02:36.600,0.1,L0P1,Not Green
115,2019-07-03 08:08:30.300,0.3,L0P1,Not Green
116,2019-07-03 08:10:30.000,0.2,L1P0,During Green
117,2019-07-03 08:10:32.600,0.3,L0P1,Not Green
118,2019-07-03 08:12:27.400,0.2,L0P1,Not Green
119,2019-07-03 08:18:40.500,0.1,L0P1,Not Green
120,2019-07-03 08:18:42.600,0.3,L0P1,Not Green
121,2019-07-03 08:19:26.100,0.1,L1P0,During Green
122,2019-07-03 08:19:27.800,0.2,L0P1,Not Green
123,2019-07-03 08:21:50.200,0.4,L1P0,Not Green
124,2019-07-03 08:26:41.600,1.8,L0P1,Not Green
125,2019-07-03 08:29:00.800,0.1,L1P0,During Green
126,2019-07-03 08:29:04.200,0.2,L0P1,Not Green
127,2019-07-03 08:29:35.100,0.1,L0P1,Not Green
128,2019-07-03 08:29:37.300,0.4,L0P1,Not Green
129,2019-07-03 08:31:12.400,0.1,L1P0,Not Green
130,2019-07-03 08:31:14.600,0.3,L0P1,Not Green
131,2019-07-03 08:31:37.100,0.1,L0P1,Not Green
132,2019-07-03 08:31:44.600,0.3,L0P1,Not Green
133,2019-07-03 08:34:30.600,0.1,L1P0,Not Green
134,2019-07-03 08:34:33.200,0.3,L0P1,Not Green
135,2019-07-03 08:36:07.500,0.1,L0P1,Not Green
136,2019-07-03 08:36:09.400,0.1,L0P1,Not Green
137,2019-07-03 08:37:04.600,0.1,L0P1,Not Green
138,2019-07-03 08:37:28.200,0.1,L1P0,Not Green
139,2019-07-03 08:37:30.200,0.2,L0P1,Not Green
140,2019-07-03 08:38:06.200,0.1,L1P0,Not Green
141,2019-07-03 08:38:15.200,0.2,L0P1,During Green
142,2019-07-03 08:38:39.600,0.1,L1P0,Not Green
143,2019-07-03 08:38:41.700,0.2,L0P1,Not Green
144,2019-07-03 08:39:36.000,0.1,L1P0,Not Green
145,2019-07-03 08:39:40.400,0.5,L0P1,Not Green
146,2019-07-03 08:40:06.200,0.3,L0P1,During Green
147,2019-07-03 08:40:36.400,0.1,L1P0,Not Green
148,2019-07-03 08:40:38.600,0.3,L0P1,Not Green
149,2019-07-03 08:40:46.600,0.1,L0P1,Not Green
150,2019-07-03 08:42:36.100,0.1,L1P0,During Green
151,2019-07-03 08:42:39.100,0.1,L0P1,Not Green
152,2019-07-03 08:44:07.400,0.1,L1P0,During Green
153,2019-07-03 08:44:16.200,0.5,L0P1,During Green
154,2019-07-03 08:45:33.600,0.1,L0P1,Not Green
155,2019-07-03 08:49:22.900,0.2,L1P0,During Green
156,2019-07-03 08:49:25.400,0.4,L0P1,Not Green
157,2019-07-03 08:49:26.500,0.1,L0P1,Not Green
158,2019-07-03 08:49:28.600,0.3,L0P1,Not Green
159,2019-07-03 08:50:53.500,0.2,L1P0,During Green
160,2019-07-03 08:50:59.000,0.3,L0P1,During Green
161,2019-07-03 08:53:52.600,0.1,L0P1,During Green
162,2019-07-03 08:55:00.600,0.1,L1P0,During Green
163,2019-07-03 08:55:16.600,1.4,L0P1,Not Green
164,2019-07-03 08:58:37.600,0.6,L0P1,During Green
165,2019-07-03 08:59:25.700,0.5,L0P1,During Green
166,2019-07-03 09:00:42.500,0.3,L0P1,Not Green
167,2019-07-03 09:16:44.900,0.3,L0P1,During Green
168,2019-07-03 09:27:07.500,0.1,L0P1,Not Green
169,2019-07-03 09:27:09.800,0.9,L0P1,Not Green
170,2019-07-03 09:27:28.600,0.3,L0P1,During Green
171,2019-07-03 09:28:34.300,0.1,L0P1,During Green
172,2019-07-03 09:28:37.600,0.5,L0P1,Not Green
173,2019-07-03 09:31:17.000,0.1,L1P0,Not Green
174,2019-07-03 09:31:18.600,0.4,L0P1,Not Green
175,2019-07-03 09:32:11.700,0.1,L0P1,Not Green
176,2019-07-03 09:32:26.900,0.2,L0P1,Not Green
177,2019-07-03 09:34:53.600,0.2,L0P1,Not Green
178,2019-07-03 09:36:46.200,0.3,L0P1,During Green
179,2019-07-03 09:39:17.200,0.1,L0P1,During Green
180,2019-07-03 09:39:20.000,0.6,L0P1,Not Green
181,2019-07-03 09:40:53.200,0.1,L1P0,Not Green
182,2019-07-03 09:40:58.600,0.3,L0P1,Not Green
183,2019-07-03 09:41:08.400,0.9,L1P0,Not Green
184,2019-07-03 09:41:55.500,0.1,L0P1,Not Green
185,2019-07-03 09:41:57.400,0.3,L0P1,Not Green
186,2019-07-03 09:42:14.200,0.1,L1P0,Not Green
187,2019-07-03 09:42:16.200,0.4,L0P1,Not Green
188,2019-07-03 09:42:31.900,0.1,L0P1,During Green
189,2019-07-03 09:42:37.200,0.4,L0P1,During Green
190,2019-07-03 09:44:03.800,0.1,L0P1,During Green
191,2019-07-03 09:44:07.300,0.7,L0P1,Not Green
192,2019-07-03 09:44:34.900,0.1,L0P1,Not Green
193,2019-07-03 09:45:26.200,0.1,L1P0,During Green
194,2019-07-03 09:45:29.200,0.3,L0P1,Not Green
195,2019-07-03 09:45:41.700,0.6,L0P1,During Green
196,2019-07-03 09:47:25.600,0.1,L1P0,During Green
197,2019-07-03 09:47:29.800,0.3,L0P1,Not Green
198,2019-07-03 09:47:52.800,0.3,L0P1,Not Green
199,2019-07-03 09:48:48.100,0.4,L0P1,Not Green
200,2019-07-03 09:49:03.000,0.6,L0P1,During Green
201,2019-07-03 09:49:10.100,0.1,L1P0,During Green
202,2019-07-03 09:49:12.300,0.3,L0P1,Not Green
203,2019-07-03 09:51:25.900,0.1,L1P0,Not Green
204,2019-07-03 09:51:27.600,0.2,L0P1,During Green
205,2019-07-03 09:53:27.600,0.1,L1P0,During Green
206,2019-07-03 09:53:46.600,0.4,L0P1,During Green
207,2019-07-03 09:54:02.900,0.1,L0P1,Not Green
208,2019-07-03 09:57:13.600,0.1,L0P1,Not Green
209,2019-07-03 09:57:14.900,0.2,L1P0,Not Green
210,2019-07-03 09:57:16.700,0.1,L0P1,Not Green
211,2019-07-03 09:57:29.500,0.1,L0P1,Not Green
212,2019-07-03 09:57:31.200,0.3,L0P1,Not Green
213,2019-07-03 09:57:34.100,0.3,L0P1,During Green
214,2019-07-03 09:57:43.700,0.1,L1P0,Not Green
215,2019-07-03 09:57:47.200,0.4,L0P1,Not Green
216,2019-07-03 09:59:46.400,0.2,L0P1,Not Green
218,2019-07-03 10:01:05.800,0.1,L1P0,Not Green
219,2019-07-03 10:01:08.900,0.3,L0P1,During Green
220,2019-07-03 10:01:52.700,0.1,L1P0,Not Green
221,2019-07-03 10:01:54.700,0.3,L0P1,Not Green
222,2019-07-03 10:03:42.200,0.1,L1P0,Not Green
223,2019-07-03 10:03:43.800,0.2,L0P1,Not Green
224,2019-07-03 10:05:16.300,0.1,L1P0,Not Green
225,2019-07-03 10:05:18.300,0.2,L0P1,Not Green
226,2019-07-03 10:06:07.600,3.9,L0P1,Not Green
227,2019-07-03 10:08:00.300,0.1,L1P0,During Green
228,2019-07-03 10:08:03.900,0.4,L0P1,Not Green
229,2019-07-03 10:09:00.700,0.1,L1P0,Not Green
230,2019-07-03 10:09:02.600,0.2,L0P1,Not Green
231,2019-07-03 10:09:50.700,0.3,L0P1,During Green
232,2019-07-03 10:10:38.700,0.1,L1P0,Not Green
233,2019-07-03 10:10:42.200,0.7,L0P1,Not Green
234,2019-07-03 10:11:02.300,0.1,L1P0,Not Green
235,2019-07-03 10:11:15.000,0.1,L1P0,Not Green
236,2019-07-03 10:11:17.200,0.2,L0P1,Not Green
237,2019-07-03 10:11:31.100,0.1,L1P0,During Green
238,2019-07-03 10:11:49.600,0.2,L0P1,During Green
239,2019-07-03 10:13:42.800,0.1,L1P0,Not Green
240,2019-07-03 10:13:45.800,1.2,L0P1,Not Green
241,2019-07-03 10:14:07.300,0.6,L0P1,During Green
242,2019-07-03 10:16:48.400,0.1,L1P0,Not Green
243,2019-07-03 10:16:50.300,0.3,L0P1,Not Green
244,2019-07-03 10:18:38.500,0.1,L0P1,Not Green
245,2019-07-03 10:18:40.300,0.2,L0P1,Not Green
246,2019-07-03 10:19:24.400,0.2,L0P1,Not Green
247,2019-07-03 10:19:30.900,0.5,L0P1,During Green
248,2019-07-03 10:20:06.600,0.1,L0P1,Not Green
249,2019-07-03 10:21:59.600,0.1,L1P0,Not Green
250,2019-07-03 10:22:01.600,0.1,L0P1,Not Green
251,2019-07-03 10:23:59.600,0.3,L0P1,Not Green
252,2019-07-03 10:24:14.800,0.1,L1P0,Not Green
253,2019-07-03 10:24:17.300,0.3,L0P1,Not Green
254,2019-07-03 10:24:22.200,0.1,L0P1,During Green
255,2019-07-03 10:24:28.700,0.6,L0P1,Not Green
256,2019-07-03 10:25:08.600,0.3,L0P1,Not Green
257,2019-07-03 10:25:12.100,1.2,L0P1,Not Green
258,2019-07-03 10:25:26.500,0.5,L0P1,During Green
259,2019-07-03 10:25:45.000,0.2,L0P1,Not Green
260,2019-07-03 10:27:50.900,0.1,L1P0,Not Green
261,2019-07-03 10:27:54.600,0.2,L0P1,Not Green
262,2019-07-03 10:28:46.300,0.4,L0P1,During Green
263,2019-07-03 10:28:54.000,0.1,L1P0,Not Green
264,2019-07-03 10:28:56.600,0.2,L0P1,Not Green
265,2019-07-03 10:31:11.100,0.1,L1P0,Not Green
266,2019-07-03 10:31:13.800,0.2,L0P1,Not Green
267,2019-07-03 10:31:29.700,0.1,L0P1,Not Green
268,2019-07-03 10:33:36.000,0.1,L1P0,During Green
269,2019-07-03 10:33:38.800,0.3,L0P1,Not Green
270,2019-07-03 10:36:12.300,0.1,L0P1,Not Green
271,2019-07-03 10:36:21.500,1.2,L0P1,Not Green
272,2019-07-03 10:38:11.600,0.1,L1P0,Not Green
273,2019-07-03 10:38:13.600,0.2,L0P1,Not Green
274,2019-07-03 10:39:15.000,0.2,L0P1,Not Green
275,2019-07-03 10:40:41.800,0.1,L1P0,Not Green
276,2019-07-03 10:40:43.900,0.2,L0P1,Not Green
277,2019-07-03 10:42:20.200,0.1,L1P0,Not Green
278,2019-07-03 10:42:22.300,0.3,L0P1,Not Green
279,2019-07-03 10:43:26.600,0.1,L0P1,Not Green
280,2019-07-03 10:43:28.600,0.4,L0P1,Not Green
281,2019-07-03 10:44:55.200,0.1,L1P0,Not Green
283,2019-07-03 10:50:03.100,0.1,L1P0,Not Green
284,2019-07-03 10:50:06.000,0.3,L0P1,Not Green
285,2019-07-03 10:50:28.200,0.3,L1P0,Not Green
286,2019-07-03 10:50:36.100,0.6,L0P1,Not Green
287,2019-07-03 10:50:43.200,0.3,L0P1,During Green
288,2019-07-03 10:50:56.100,0.1,L1P0,Not Green
289,2019-07-03 10:50:57.600,0.1,L0P1,Not Green
290,2019-07-03 10:53:59.600,0.4,L0P1,Not Green
291,2019-07-03 10:56:05.100,0.1,L0P1,During Green
293,2019-07-03 10:57:57.500,0.1,L0P1,During Green
294,2019-07-03 10:58:01.600,0.5,L0P1,During Green
295,2019-07-03 10:58:35.600,0.1,L1P0,Not Green
296,2019-07-03 10:58:37.500,0.1,L0P1,Not Green
297,2019-07-03 10:58:51.900,0.2,L0P1,Not Green
298,2019-07-03 10:59:47.400,0.8,L0P1,Not Green
299,2019-07-03 11:00:08.900,0.1,L1P0,Not Green
300,2019-07-03 11:00:10.800,0.2,L0P1,Not Green
301,2019-07-03 11:00:31.900,0.1,L1P0,Not Green
302,2019-07-03 11:00:34.100,0.2,L0P1,Not Green
303,2019-07-03 11:01:04.000,0.3,L0P1,Not Green
304,2019-07-03 11:01:42.100,0.1,L0P1,Not Green
306,2019-07-03 11:02:02.400,0.3,L0P1,Not Green
307,2019-07-03 11:02:10.000,0.3,L0P1,Not Green
308,2019-07-03 11:05:05.400,0.2,L0P1,Not Green
309,2019-07-03 11:05:33.200,0.6,L0P1,Not Green
310,2019-07-03 11:07:00.800,0.1,L1P0,During Green
311,2019-07-03 11:07:03.600,0.2,L0P1,Not Green
312,2019-07-03 11:07:26.200,0.4,L0P1,Not Green
313,2019-07-03 11:07:27.100,0.1,L1P0,Not Green
314,2019-07-03 11:07:31.800,0.3,L0P1,During Green
315,2019-07-03 11:07:36.800,0.3,L0P1,During Green
316,2019-07-03 11:08:33.600,0.3,L0P1,During Green
317,2019-07-03 11:09:40.300,0.3,L0P1,Not Green
318,2019-07-03 11:11:48.600,0.2,L0P1,Not Green
319,2019-07-03 11:12:13.800,0.3,L0P1,During Green
320,2019-07-03 11:15:20.600,0.6,L0P1,Not Green
321,2019-07-03 11:15:24.000,0.3,L0P1,Not Green
322,2019-07-03 11:16:13.600,0.2,L1P0,During Green
323,2019-07-03 11:16:56.900,0.5,L0P1,Not Green
324,2019-07-03 11:17:29.800,0.8,L0P1,During Green
325,2019-07-03 11:19:55.800,0.3,L0P1,Not Green
326,2019-07-03 11:24:27.900,0.1,L1P0,Not Green
327,2019-07-03 11:24:29.800,0.2,L0P1,Not Green
328,2019-07-03 11:27:33.100,1.0,L0P1,Not Green
329,2019-07-03 11:28:38.400,0.1,L1P0,Not Green
330,2019-07-03 11:28:42.500,0.1,L1P0,Not Green
331,2019-07-03 11:29:57.500,0.1,L0P1,Not Green
332,2019-07-03 11:29:59.900,0.3,L0P1,Not Green
333,2019-07-03 11:30:29.900,0.1,L1P0,Not Green
334,2019-07-03 11:30:33.300,0.2,L0P1,During Green
335,2019-07-03 11:31:46.600,0.6,L0P1,Not Green
336,2019-07-03 11:34:06.600,0.3,L0P1,Not Green
337,2019-07-03 11:35:30.000,0.1,L1P0,Not Green
338,2019-07-03 11:35:32.600,0.1,L0P1,Not Green
339,2019-07-03 11:35:42.200,0.1,L1P0,During Green
340,2019-07-03 11:35:44.200,0.2,L0P1,Not Green
341,2019-07-03 11:35:51.000,0.1,L1P0,During Green
342,2019-07-03 11:35:53.800,0.4,L0P1,Not Green
343,2019-07-03 11:37:48.600,1.0,L0P1,Not Green
344,2019-07-03 11:38:22.600,0.1,L1P0,During Green
345,2019-07-03 11:38:27.100,1.2,L0P1,Not Green
346,2019-07-03 11:39:18.600,0.1,L0P1,Not Green
347,2019-07-03 11:39:55.500,0.1,L0P1,Not Green
348,2019-07-03 11:40:14.100,0.6,L0P1,Not Green
349,2019-07-03 11:42:05.600,0.4,L0P1,Not Green
350,2019-07-03 11:42:06.700,0.1,L1P0,Not Green
351,2019-07-03 11:42:29.200,0.4,L0P1,During Green
352,2019-07-03 11:42:57.000,0.1,L1P0,Not Green
353,2019-07-03 11:42:59.500,0.1,L1P0,Not Green
354,2019-07-03 11:43:29.000,0.1,L1P0,Not Green
355,2019-07-03 11:43:31.900,0.3,L0P1,During Green
356,2019-07-03 11:43:47.000,0.2,L0P1,Not Green
357,2019-07-03 11:43:47.500,0.1,L1P0,Not Green
358,2019-07-03 11:44:52.200,0.2,L0P1,Not Green
359,2019-07-03 11:45:28.400,0.4,L0P1,Not Green
360,2019-07-03 11:46:17.800,0.1,L1P0,Not Green
361,2019-07-03 11:46:19.600,0.6,L0P1,Not Green
362,2019-07-03 11:46:26.500,0.1,L0P1,Not Green
363,2019-07-03 11:46:29.200,0.2,L0P1,Not Green
364,2019-07-03 11:47:23.900,0.8,L0P1,Not Green
365,2019-07-03 11:48:27.000,0.2,L0P1,Not Green
366,2019-07-03 11:50:05.800,0.3,L0P1,Not Green
367,2019-07-03 11:52:41.300,0.1,L0P1,During Green
368,2019-07-03 11:52:43.500,0.7,L0P1,During Green
369,2019-07-03 11:53:00.300,0.4,L0P1,Not Green
370,2019-07-03 11:53:08.800,0.1,L1P0,During Green
371,2019-07-03 11:53:39.800,0.2,L0P1,Not Green
372,2019-07-03 11:54:15.400,0.4,L0P1,Not Green
373,2019-07-03 11:55:05.300,1.5,L0P1,Not Green
374,2019-07-03 11:55:17.100,0.1,L1P0,Not Green
375,2019-07-03 11:55:18.600,0.8,L0P1,Not Green
376,2019-07-03 11:56:38.000,0.2,L0P1,Not Green
377,2019-07-03 11:56:58.400,0.2,L0P1,Not Green
378,2019-07-03 11:57:01.600,0.6,L0P1,During Green
379,2019-07-03 11:58:23.500,0.1,L0P1,Not Green
380,2019-07-03 11:58:43.100,0.4,L0P1,Not Green
381,2019-07-03 11:58:52.600,0.7,L0P1,Not Green
382,2019-07-03 11:59:14.200,0.1,L0P1,Not Green
383,2019-07-03 12:00:21.900,0.2,L0P1,During Green
384,2019-07-03 12:00:24.600,1.2,L0P1,Not Green
385,2019-07-03 12:01:10.000,0.1,L0P1,Not Green
386,2019-07-03 12:01:11.900,0.3,L0P1,Not Green
387,2019-07-03 12:01:19.100,0.1,L1P0,Not Green
388,2019-07-03 12:01:21.200,0.2,L0P1,Not Green
389,2019-07-03 12:01:23.800,0.1,L0P1,Not Green
390,2019-07-03 12:03:08.900,0.2,L0P1,Not Green
391,2019-07-03 12:03:22.200,0.4,L0P1,Not Green
392,2019-07-03 12:03:41.400,0.1,L1P0,Not Green
393,2019-07-03 12:04:46.600,0.3,L0P1,Not Green
394,2019-07-03 12:05:12.900,0.1,L1P0,Not Green
395,2019-07-03 12:05:15.700,0.3,L0P1,Not Green
396,2019-07-03 12:05:23.800,0.2,L0P1,Not Green
397,2019-07-03 12:07:08.800,0.1,L1P0,Not Green
398,2019-07-03 12:07:10.600,0.7,L0P1,Not Green
399,2019-07-03 12:08:11.100,0.2,L0P1,During Green
400,2019-07-03 12:08:31.500,0.1,L0P1,Not Green
401,2019-07-03 12:08:33.800,0.3,L0P1,Not Green
402,2019-07-03 12:08:53.900,0.1,L1P0,Not Green
403,2019-07-03 12:08:59.000,0.2,L0P1,Not Green
404,2019-07-03 12:09:49.600,3.4,L0P1,Not Green
405,2019-07-03 12:10:22.400,0.1,L1P0,Not Green
406,2019-07-03 12:10:24.500,0.1,L1P0,Not Green
407,2019-07-03 12:10:43.100,0.2,L1P0,Not Green
408,2019-07-03 12:10:51.000,0.3,L0P1,During Green
409,2019-07-03 12:10:53.700,0.1,L1P0,During Green
410,2019-07-03 12:11:06.100,1.3,L0P1,Not Green
411,2019-07-03 12:12:32.800,0.5,L0P1,Not Green
412,2019-07-03 12:13:09.800,0.1,L0P1,Not Green
413,2019-07-03 12:13:31.600,0.4,L0P1,Not Green
414,2019-07-03 12:14:08.300,0.7,L0P1,Not Green
415,2019-07-03 12:15:34.000,0.1,L1P0,Not Green
416,2019-07-03 12:15:38.200,0.4,L0P1,Not Green
417,2019-07-03 12:16:47.600,0.2,L0P1,Not Green
418,2019-07-03 12:17:18.300,0.1,L1P0,Not Green
419,2019-07-03 12:17:22.300,0.4,L0P1,Not Green
420,2019-07-03 12:18:42.300,0.3,L0P1,Not Green
421,2019-07-03 12:19:40.300,0.3,L0P1,Not Green
422,2019-07-03 12:20:41.600,0.1,L1P0,Not Green
423,2019-07-03 12:20:44.700,0.7,L0P1,Not Green
424,2019-07-03 12:21:23.600,0.5,L0P1,Not Green
425,2019-07-03 12:21:28.900,0.2,L1P0,Not Green
426,2019-07-03 12:21:30.600,0.5,L0P1,Not Green
427,2019-07-03 12:23:03.600,0.3,L0P1,Not Green
429,2019-07-03 12:24:20.100,0.1,L0P1,Not Green
430,2019-07-03 12:25:41.700,0.1,L1P0,Not Green
431,2019-07-03 12:25:45.100,0.2,L0P1,Not Green
432,2019-07-03 12:26:27.800,0.1,L1P0,During Green
433,2019-07-03 12:26:30.600,0.1,L0P1,Not Green
434,2019-07-03 12:27:03.000,0.2,L0P1,Not Green
435,2019-07-03 12:27:45.100,1.0,L0P1,Not Green
436,2019-07-03 12:28:00.000,0.2,L1P0,Not Green
437,2019-07-03 12:28:02.900,0.4,L0P1,Not Green
438,2019-07-03 12:28:36.900,0.1,L1P0,Not Green
439,2019-07-03 12:28:54.700,0.3,L0P1,Not Green
440,2019-07-03 12:29:30.600,0.1,L1P0,During Green
441,2019-07-03 12:30:53.100,0.1,L1P0,Not Green
442,2019-07-03 12:30:56.200,0.3,L0P1,Not Green
443,2019-07-03 12:32:09.600,0.2,L0P1,Not Green
444,2019-07-03 12:34:04.100,0.1,L1P0,Not Green
445,2019-07-03 12:34:06.000,0.2,L0P1,Not Green
446,2019-07-03 12:35:41.900,0.1,L0P1,Not Green
447,2019-07-03 12:35:43.800,0.2,L0P1,Not Green
448,2019-07-03 12:37:15.600,0.1,L1P0,Not Green
449,2019-07-03 12:37:19.600,0.7,L0P1,Not Green
450,2019-07-03 12:37:31.300,0.3,L0P1,During Green
451,2019-07-03 12:37:59.400,0.2,L0P1,Not Green
452,2019-07-03 12:38:01.300,0.1,L0P1,Not Green
453,2019-07-03 12:38:22.500,0.1,L0P1,Not Green
454,2019-07-03 12:38:25.600,0.6,L0P1,During Green
455,2019-07-03 12:41:11.900,0.3,L0P1,During Green
456,2019-07-03 12:41:31.800,0.2,L0P1,Not Green
458,2019-07-03 12:43:06.900,0.2,L1P0,Not Green
459,2019-07-03 12:43:09.000,0.2,L0P1,Not Green
460,2019-07-03 12:43:27.900,0.2,L0P1,Not Green
461,2019-07-03 12:44:29.900,0.7,L0P1,During Green
462,2019-07-03 12:45:27.800,0.1,L1P0,During Green
463,2019-07-03 12:45:30.800,0.2,L0P1,Not Green
464,2019-07-03 12:45:37.400,0.2,L1P0,Not Green
465,2019-07-03 12:45:41.600,0.3,L0P1,During Green
467,2019-07-03 12:49:29.300,0.1,L1P0,Not Green
468,2019-07-03 12:49:33.000,0.8,L0P1,Not Green
469,2019-07-03 12:49:40.900,0.7,L0P1,Not Green
470,2019-07-03 12:49:45.800,0.1,L1P0,During Green
471,2019-07-03 12:50:23.700,0.3,L0P1,Not Green
472,2019-07-03 12:51:09.100,0.1,L1P0,Not Green
473,2019-07-03 12:51:11.100,0.1,L1P0,Not Green
474,2019-07-03 12:51:48.400,0.1,L1P0,During Green
475,2019-07-03 12:51:51.100,0.4,L0P1,Not Green
476,2019-07-03 12:52:39.500,0.1,L0P1,Not Green
477,2019-07-03 12:52:41.200,0.2,L0P1,Not Green
478,2019-07-03 12:55:56.800,0.1,L1P0,Not Green
479,2019-07-03 12:55:58.300,0.3,L0P1,Not Green
480,2019-07-03 12:57:05.400,0.1,L1P0,During Green
481,2019-07-03 12:57:09.200,0.4,L0P1,Not Green
482,2019-07-03 12:57:24.200,0.2,L1P0,During Green
483,2019-07-03 12:57:38.300,0.2,L0P1,Not Green
484,2019-07-03 12:59:14.100,0.1,L1P0,Not Green
485,2019-07-03 12:59:16.200,0.3,L0P1,Not Green
486,2019-07-03 12:59:24.600,0.1,L0P1,Not Green
487,2019-07-03 12:59:26.800,0.3,L0P1,Not Green
488,2019-07-03 13:00:16.400,0.1,L1P0,Not Green
489,2019-07-03 13:00:19.800,0.4,L0P1,Not Green
490,2019-07-03 13:01:21.900,0.4,L0P1,Not Green
491,2019-07-03 13:04:03.400,0.1,L1P0,Not Green
492,2019-07-03 13:04:08.600,0.6,L0P1,Not Green
493,2019-07-03 13:05:27.200,0.3,L0P1,Not Green
494,2019-07-03 13:06:47.800,0.3,L0P1,Not Green
495,2019-07-03 13:08:12.300,2.9,L0P1,Not Green
496,2019-07-03 13:08:27.500,0.2,L0P1,Not Green
497,2019-07-03 13:08:49.000,0.2,L0P1,Not Green
498,2019-07-03 13:09:02.600,0.1,L0P1,Not Green
499,2019-07-03 13:11:37.600,0.1,L1P0,Not Green
500,2019-07-03 13:11:40.200,0.3,L0P1,During Green
501,2019-07-03 13:12:36.000,0.1,L1P0,Not Green
502,2019-07-03 13:12:37.600,0.5,L0P1,Not Green
503,2019-07-03 13:13:34.700,0.1,L1P0,Not Green
504,2019-07-03 13:13:38.700,0.3,L0P1,During Green
505,2019-07-03 13:13:57.400,0.7,L0P1,During Green
506,2019-07-03 13:15:26.900,0.1,L1P0,During Green
507,2019-07-03 13:15:30.500,0.3,L0P1,During Green
508,2019-07-03 13:15:32.800,0.1,L1P0,During Green
509,2019-07-03 13:15:34.600,0.3,L0P1,Not Green
510,2019-07-03 13:15:55.900,0.1,L1P0,Not Green
511,2019-07-03 13:17:28.000,0.1,L1P0,Not Green
512,2019-07-03 13:17:55.600,0.2,L0P1,Not Green
513,2019-07-03 13:17:59.000,0.1,L1P0,Not Green
514,2019-07-03 13:18:00.600,0.4,L0P1,Not Green
515,2019-07-03 13:18:03.400,0.2,L0P1,Not Green
516,2019-07-03 13:18:09.200,0.1,L1P0,Not Green
517,2019-07-03 13:18:11.200,0.2,L0P1,Not Green
518,2019-07-03 13:18:17.100,0.2,L1P0,Not Green
519,2019-07-03 13:18:19.200,0.2,L0P1,Not Green
520,2019-07-03 13:19:26.800,0.7,L0P1,Not Green
521,2019-07-03 13:20:28.000,0.1,L1P0,Not Green
522,2019-07-03 13:20:34.700,0.3,L0P1,Not Green
523,2019-07-03 13:21:52.800,0.1,L1P0,Not Green
524,2019-07-03 13:21:54.700,0.2,L0P1,Not Green
525,2019-07-03 13:22:59.500,0.1,L0P1,During Green
526,2019-07-03 13:23:08.900,0.7,L0P1,During Green
527,2019-07-03 13:25:18.300,0.4,L0P1,Not Green
528,2019-07-03 13:25:30.400,0.1,L1P0,Not Green
529,2019-07-03 13:25:32.900,0.3,L0P1,Not Green
530,2019-07-03 13:25:40.700,0.3,L0P1,Not Green
531,2019-07-03 13:25:42.000,0.1,L1P0,During Green
532,2019-07-03 13:25:44.200,0.2,L0P1,Not Green
533,2019-07-03 13:26:07.000,0.4,L0P1,Not Green
534,2019-07-03 13:26:17.700,0.2,L0P1,Not Green
535,2019-07-03 13:26:51.600,0.2,L1P0,Not Green
536,2019-07-03 13:26:55.900,0.5,L0P1,Not Green
537,2019-07-03 13:27:33.900,0.1,L1P0,Not Green
538,2019-07-03 13:27:36.700,0.3,L0P1,Not Green
539,2019-07-03 13:28:00.800,0.1,L1P0,During Green
540,2019-07-03 13:28:49.100,0.1,L1P0,Not Green
541,2019-07-03 13:28:52.600,0.3,L0P1,Not Green
542,2019-07-03 13:30:45.600,0.2,L1P0,Not Green
543,2019-07-03 13:30:48.100,0.3,L0P1,Not Green
544,2019-07-03 13:31:07.000,0.2,L1P0,Not Green
545,2019-07-03 13:31:09.100,0.2,L0P1,Not Green
546,2019-07-03 13:31:43.300,0.1,L1P0,Not Green
547,2019-07-03 13:31:46.400,0.4,L0P1,Not Green
548,2019-07-03 13:32:43.600,0.1,L1P0,Not Green
549,2019-07-03 13:32:46.000,0.3,L0P1,Not Green
550,2019-07-03 13:34:47.300,0.1,L1P0,Not Green
551,2019-07-03 13:34:49.300,0.1,L0P1,Not Green
552,2019-07-03 13:36:38.400,0.1,L1P0,Not Green
553,2019-07-03 13:36:42.700,0.2,L0P1,Not Green
554,2019-07-03 13:38:51.400,0.1,L1P0,During Green
555,2019-07-03 13:38:54.600,0.2,L0P1,During Green
556,2019-07-03 13:39:01.700,0.4,L0P1,Not Green
557,2019-07-03 13:39:06.200,0.1,L1P0,Not Green
558,2019-07-03 13:39:09.200,0.6,L0P1,During Green
559,2019-07-03 13:39:32.200,0.4,L0P1,During Green
560,2019-07-03 13:40:49.300,0.1,L0P1,Not Green
561,2019-07-03 13:41:17.600,2.8,L0P1,Not Green
562,2019-07-03 13:41:57.200,0.1,L1P0,Not Green
563,2019-07-03 13:41:59.600,1.1,L0P1,Not Green
564,2019-07-03 13:42:31.200,0.1,L1P0,Not Green
565,2019-07-03 13:42:33.100,0.1,L0P1,Not Green
566,2019-07-03 13:43:21.200,0.1,L1P0,Not Green
567,2019-07-03 13:43:24.100,0.2,L0P1,Not Green
568,2019-07-03 13:44:26.200,0.1,L0P1,Not Green
569,2019-07-03 13:44:29.000,0.8,L0P1,Not Green
570,2019-07-03 13:45:04.800,0.1,L0P1,Not Green
571,2019-07-03 13:45:08.600,0.8,L0P1,Not Green
572,2019-07-03 13:45:49.000,0.1,L1P0,Not Green
573,2019-07-03 13:45:51.300,0.2,L0P1,Not Green
574,2019-07-03 13:46:50.500,0.1,L1P0,During Green
575,2019-07-03 13:47:21.600,0.2,L0P1,Not Green
576,2019-07-03 13:48:27.300,0.1,L1P0,Not Green
577,2019-07-03 13:48:53.400,0.1,L0P1,During Green
578,2019-07-03 13:48:55.400,0.4,L0P1,Not Green
579,2019-07-03 13:50:46.400,0.1,L1P0,Not Green
580,2019-07-03 13:50:48.600,0.1,L0P1,Not Green
581,2019-07-03 13:50:58.300,0.1,L1P0,Not Green
582,2019-07-03 13:51:00.800,0.4,L0P1,Not Green
583,2019-07-03 13:52:14.200,0.1,L0P1,Not Green
584,2019-07-03 13:53:18.200,0.1,L0P1,During Green
585,2019-07-03 13:53:22.900,0.3,L0P1,Not Green
586,2019-07-03 13:53:46.100,0.3,L0P1,During Green
587,2019-07-03 13:54:58.700,0.2,L0P1,Not Green
588,2019-07-03 13:55:18.400,0.1,L1P0,During Green
589,2019-07-03 13:55:22.200,0.4,L0P1,Not Green
590,2019-07-03 13:55:24.700,0.1,L1P0,Not Green
591,2019-07-03 13:55:35.800,0.7,L0P1,Not Green
592,2019-07-03 13:55:42.300,0.1,L1P0,During Green
593,2019-07-03 13:55:45.600,0.4,L0P1,Not Green
594,2019-07-03 13:56:07.700,0.2,L0P1,Not Green
595,2019-07-03 13:57:28.100,0.1,L0P1,During Green
596,2019-07-03 13:57:31.800,0.6,L0P1,Not Green
597,2019-07-03 13:57:42.300,0.1,L1P0,Not Green
599,2019-07-03 13:58:26.200,0.1,L1P0,Not Green
600,2019-07-03 13:58:28.600,0.1,L0P1,Not Green
601,2019-07-03 14:00:24.600,0.5,L0P1,Not Green
602,2019-07-03 14:01:36.900,0.1,L1P0,Not Green
603,2019-07-03 14:01:38.300,0.2,L0P1,Not Green
604,2019-07-03 14:02:21.400,0.4,L0P1,Not Green
605,2019-07-03 14:02:24.100,0.3,L0P1,Not Green
606,2019-07-03 14:02:39.600,0.3,L0P1,During Green
607,2019-07-03 14:02:41.300,0.1,L1P0,Not Green
608,2019-07-03 14:02:44.000,0.3,L0P1,Not Green
609,2019-07-03 14:05:32.700,0.1,L1P0,Not Green
610,2019-07-03 14:05:44.300,3.7,L0P1,Not Green
611,2019-07-03 14:06:56.700,0.1,L0P1,During Green
612,2019-07-03 14:06:59.500,0.3,L0P1,Not Green
613,2019-07-03 14:11:45.600,0.2,L0P1,Not Green
614,2019-07-03 14:11:52.600,0.1,L1P0,Not Green
615,2019-07-03 14:11:54.600,0.1,L0P1,Not Green
616,2019-07-03 14:11:58.600,0.5,L0P1,Not Green
617,2019-07-03 14:12:02.500,0.1,L0P1,Not Green
618,2019-07-03 14:12:04.500,0.2,L0P1,Not Green
619,2019-07-03 14:12:32.500,0.1,L0P1,During Green
620,2019-07-03 14:12:35.200,0.3,L0P1,Not Green
621,2019-07-03 14:13:32.700,0.4,L0P1,During Green
622,2019-07-03 14:14:10.600,0.2,L0P1,Not Green
623,2019-07-03 14:15:34.100,0.1,L1P0,During Green
624,2019-07-03 14:15:37.900,0.4,L0P1,During Green
625,2019-07-03 14:16:37.500,0.1,L1P0,Not Green
626,2019-07-03 14:16:40.300,0.5,L0P1,During Green
627,2019-07-03 14:17:42.200,0.1,L1P0,During Green
628,2019-07-03 14:17:46.000,0.3,L0P1,During Green
629,2019-07-03 14:17:55.900,0.1,L1P0,Not Green
630,2019-07-03 14:17:58.300,0.3,L0P1,Not Green
631,2019-07-03 14:18:00.000,0.1,L1P0,Not Green
632,2019-07-03 14:18:01.600,0.6,L0P1,Not Green
633,2019-07-03 14:19:11.100,0.1,L0P1,Not Green
634,2019-07-03 14:19:13.900,0.3,L0P1,Not Green
635,2019-07-03 14:20:02.800,0.1,L1P0,Not Green
636,2019-07-03 14:20:04.600,0.8,L0P1,Not Green
637,2019-07-03 14:20:06.900,0.1,L1P0,Not Green
638,2019-07-03 14:20:08.600,0.3,L0P1,Not Green
639,2019-07-03 14:20:37.500,0.2,L1P0,Not Green
640,2019-07-03 14:20:46.200,0.4,L0P1,Not Green
641,2019-07-03 14:24:11.400,0.2,L0P1,Not Green
642,2019-07-03 14:24:18.600,0.1,L1P0,Not Green
643,2019-07-03 14:24:20.800,0.2,L0P1,Not Green
644,2019-07-03 14:25:59.800,4.9,L0P1,Not Green
645,2019-07-03 14:29:04.600,0.2,L0P1,During Green
646,2019-07-03 14:32:24.200,0.1,L0P1,Not Green
647,2019-07-03 14:32:26.200,0.4,L0P1,Not Green
648,2019-07-03 14:32:35.300,0.3,L0P1,During Green
649,2019-07-03 14:32:53.100,0.3,L0P1,Not Green
650,2019-07-03 14:33:35.600,1.1,L0P1,Not Green
651,2019-07-03 14:34:22.900,0.1,L1P0,Not Green
652,2019-07-03 14:34:26.000,0.2,L0P1,Not Green
653,2019-07-03 14:37:29.100,0.1,L1P0,Not Green
654,2019-07-03 14:37:31.600,0.3,L0P1,Not Green
655,2019-07-03 14:37:33.100,0.1,L1P0,Not Green
656,2019-07-03 14:37:54.400,0.3,L0P1,Not Green
657,2019-07-03 14:38:03.700,0.2,L0P1,Not Green
658,2019-07-03 14:40:56.800,0.1,L1P0,During Green
659,2019-07-03 14:41:00.600,0.6,L0P1,Not Green
661,2019-07-03 14:41:52.700,0.1,L1P0,Not Green
662,2019-07-03 14:41:58.300,0.2,L0P1,Not Green
663,2019-07-03 14:42:00.600,0.1,L1P0,Not Green
664,2019-07-03 14:42:03.200,0.2,L0P1,Not Green
665,2019-07-03 14:42:12.300,0.1,L1P0,Not Green
666,2019-07-03 14:42:14.600,0.1,L0P1,Not Green
667,2019-07-03 14:42:19.800,0.2,L0P1,Not Green
668,2019-07-03 14:42:53.600,0.1,L1P0,Not Green
669,2019-07-03 14:42:58.100,0.6,L0P1,Not Green
670,2019-07-03 14:43:17.800,0.1,L1P0,Not Green
671,2019-07-03 14:43:20.600,0.4,L0P1,Not Green
672,2019-07-03 14:43:22.800,0.1,L1P0,Not Green
673,2019-07-03 14:43:26.300,0.3,L0P1,Not Green
674,2019-07-03 14:48:25.400,0.2,L0P1,Not Green
675,2019-07-03 14:48:54.800,0.1,L1P0,During Green
676,2019-07-03 14:48:57.700,0.6,L0P1,Not Green
677,2019-07-03 14:49:28.600,0.1,L1P0,During Green
678,2019-07-03 14:49:33.000,0.2,L1P0,During Green
679,2019-07-03 14:49:43.600,0.2,L1P0,During Green
680,2019-07-03 14:49:49.600,0.4,L0P1,During Green
681,2019-07-03 14:50:22.600,0.1,L0P1,Not Green
682,2019-07-03 14:50:24.600,0.2,L0P1,Not Green
683,2019-07-03 14:50:52.600,0.2,L0P1,During Green
684,2019-07-03 14:51:22.700,0.1,L1P0,Not Green
685,2019-07-03 14:51:26.600,0.1,L0P1,During Green
686,2019-07-03 14:51:59.000,0.1,L0P1,During Green
687,2019-07-03 14:52:01.600,0.1,L0P1,Not Green
688,2019-07-03 14:52:58.800,0.1,L1P0,During Green
689,2019-07-03 14:53:01.600,0.4,L0P1,During Green
690,2019-07-03 14:53:09.500,0.1,L0P1,During Green
691,2019-07-03 14:53:13.700,0.2,L0P1,During Green
692,2019-07-03 14:53:33.100,0.1,L1P0,Not Green
693,2019-07-03 14:53:35.600,0.1,L0P1,Not Green
694,2019-07-03 14:55:16.700,0.1,L1P0,Not Green
695,2019-07-03 14:55:20.600,0.3,L0P1,Not Green
696,2019-07-03 14:56:14.200,0.4,L0P1,Not Green
697,2019-07-03 14:58:51.700,0.1,L1P0,Not Green
698,2019-07-03 14:58:53.600,0.9,L0P1,Not Green
699,2019-07-03 14:59:23.900,0.7,L0P1,Not Green
700,2019-07-03 15:01:23.200,0.4,L0P1,Not Green
701,2019-07-03 15:03:00.700,0.1,L1P0,Not Green
702,2019-07-03 15:03:04.300,0.2,L0P1,Not Green
703,2019-07-03 15:04:07.000,0.2,L0P1,Not Green
704,2019-07-03 15:04:32.500,0.4,L0P1,Not Green
705,2019-07-03 15:04:44.900,0.5,L0P1,Not Green
706,2019-07-03 15:06:06.200,0.1,L1P0,Not Green
707,2019-07-03 15:06:08.500,0.2,L0P1,Not Green
708,2019-07-03 15:06:29.100,0.1,L1P0,Not Green
709,2019-07-03 15:06:31.300,0.1,L0P1,Not Green
710,2019-07-03 15:08:04.000,0.5,L0P1,Not Green
711,2019-07-03 15:08:04.600,0.1,L1P0,Not Green
712,2019-07-03 15:08:06.800,0.2,L0P1,Not Green
713,2019-07-03 15:08:29.200,0.1,L1P0,Not Green
714,2019-07-03 15:08:31.600,0.2,L0P1,Not Green
715,2019-07-03 15:09:43.300,0.2,L0P1,Not Green
716,2019-07-03 15:10:28.400,0.1,L1P0,Not Green
717,2019-07-03 15:10:30.600,0.2,L0P1,Not Green
718,2019-07-03 15:10:34.600,0.1,L0P1,Not Green
719,2019-07-03 15:11:41.000,0.2,L1P0,During Green
720,2019-07-03 15:11:44.000,0.4,L0P1,Not Green
721,2019-07-03 15:11:45.700,0.1,L0P1,Not Green
722,2019-07-03 15:12:03.600,1.6,L0P1,Not Green
723,2019-07-03 15:12:15.800,0.1,L0P1,Not Green
724,2019-07-03 15:12:25.600,0.1,L1P0,Not Green
725,2019-07-03 15:12:27.600,0.2,L0P1,Not Green
726,2019-07-03 15:13:04.700,0.3,L0P1,Not Green
727,2019-07-03 15:13:52.600,0.1,L1P0,Not Green
728,2019-07-03 15:13:59.400,0.2,L0P1,Not Green
729,2019-07-03 15:14:13.300,0.2,L0P1,Not Green
730,2019-07-03 15:14:28.600,0.6,L0P1,Not Green
731,2019-07-03 15:14:40.700,0.1,L0P1,Not Green
732,2019-07-03 15:14:44.600,0.5,L0P1,Not Green
733,2019-07-03 15:17:06.100,0.1,L1P0,Not Green
734,2019-07-03 15:17:08.600,0.3,L0P1,Not Green
735,2019-07-03 15:17:31.700,0.1,L0P1,During Green
736,2019-07-03 15:17:48.900,0.2,L0P1,Not Green
737,2019-07-03 15:17:52.900,0.2,L0P1,Not Green
738,2019-07-03 15:17:55.100,0.1,L1P0,Not Green
739,2019-07-03 15:17:57.300,0.3,L0P1,Not Green
740,2019-07-03 15:18:56.700,0.2,L1P0,Not Green
742,2019-07-03 15:20:46.300,0.2,L1P0,Not Green
743,2019-07-03 15:21:04.300,0.5,L0P1,Not Green
744,2019-07-03 15:21:08.200,0.1,L1P0,Not Green
745,2019-07-03 15:21:10.600,0.3,L0P1,Not Green
746,2019-07-03 15:21:16.800,0.1,L1P0,During Green
747,2019-07-03 15:21:57.000,0.2,L0P1,Not Green
748,2019-07-03 15:21:59.900,0.1,L1P0,Not Green
749,2019-07-03 15:22:01.800,0.2,L0P1,Not Green
750,2019-07-03 15:22:10.200,0.2,L1P0,Not Green
751,2019-07-03 15:22:12.600,0.2,L0P1,Not Green
752,2019-07-03 15:22:17.800,0.1,L1P0,Not Green
753,2019-07-03 15:22:20.200,0.2,L0P1,Not Green
754,2019-07-03 15:22:23.600,0.1,L0P1,Not Green
755,2019-07-03 15:27:11.700,0.4,L0P1,Not Green
756,2019-07-03 15:28:05.900,0.1,L1P0,Not Green
757,2019-07-03 15:28:07.800,0.2,L0P1,Not Green
759,2019-07-03 15:32:29.300,0.1,L1P0,Not Green
760,2019-07-03 15:32:31.400,0.2,L0P1,Not Green
761,2019-07-03 15:32:54.800,0.1,L1P0,Not Green
762,2019-07-03 15:33:16.200,1.8,L0P1,Not Green
763,2019-07-03 15:34:46.200,0.1,L1P0,Not Green
764,2019-07-03 15:34:50.100,0.4,L0P1,Not Green
765,2019-07-03 15:36:46.900,0.3,L0P1,Not Green
766,2019-07-03 15:36:57.600,1.7,L0P1,Not Green
767,2019-07-03 15:39:32.300,0.1,L1P0,Not Green
768,2019-07-03 15:39:34.700,0.2,L0P1,During Green
769,2019-07-03 15:39:40.300,0.5,L0P1,During Green
770,2019-07-03 15:40:35.200,0.3,L0P1,Not Green
771,2019-07-03 15:41:00.300,0.2,L0P1,During Green
772,2019-07-03 15:42:42.100,0.1,L0P1,During Green
773,2019-07-03 15:42:46.800,1.3,L0P1,Not Green
774,2019-07-03 15:43:15.100,0.1,L0P1,Not Green
775,2019-07-03 15:43:18.800,0.5,L0P1,During Green
776,2019-07-03 15:44:59.200,0.1,L1P0,During Green
777,2019-07-03 15:45:07.400,0.3,L0P1,Not Green
778,2019-07-03 15:45:22.200,0.2,L1P0,Not Green
779,2019-07-03 15:45:24.600,0.2,L0P1,Not Green
780,2019-07-03 15:46:18.400,0.1,L1P0,Not Green
781,2019-07-03 15:46:20.400,0.1,L0P1,Not Green
782,2019-07-03 15:46:32.700,0.1,L1P0,Not Green
783,2019-07-03 15:46:34.400,0.1,L0P1,Not Green
784,2019-07-03 15:46:39.800,0.2,L1P0,During Green
785,2019-07-03 15:46:42.800,1.2,L0P1,Not Green
786,2019-07-03 15:46:53.900,0.4,L0P1,During Green
787,2019-07-03 15:48:18.600,0.7,L0P1,Not Green
788,2019-07-03 15:48:19.500,0.1,L0P1,Not Green
789,2019-07-03 15:48:21.600,0.1,L0P1,Not Green
790,2019-07-03 15:48:38.500,0.2,L0P1,During Green
791,2019-07-03 15:51:36.300,0.1,L1P0,During Green
792,2019-07-03 15:51:38.600,0.8,L0P1,During Green
793,2019-07-03 15:52:18.600,0.5,L0P1,Not Green
795,2019-07-03 15:54:51.700,0.9,L0P1,Not Green
796,2019-07-03 15:55:02.300,0.4,L0P1,Not Green
797,2019-07-03 15:56:02.300,0.3,L0P1,Not Green
798,2019-07-03 15:56:19.100,0.1,L1P0,Not Green
799,2019-07-03 15:56:21.100,0.2,L0P1,Not Green
800,2019-07-03 15:58:03.100,0.2,L1P0,During Green
801,2019-07-03 15:58:05.000,0.2,L0P1,Not Green
802,2019-07-03 15:58:07.600,0.1,L0P1,Not Green
803,2019-07-03 15:59:01.900,0.1,L0P1,Not Green
804,2019-07-03 16:01:13.700,0.8,L0P1,Not Green
805,2019-07-03 16:01:20.600,0.1,L1P0,During Green
806,2019-07-03 16:01:22.400,0.6,L0P1,Not Green
807,2019-07-03 16:02:31.500,0.1,L0P1,Not Green
808,2019-07-03 16:02:33.800,0.2,L0P1,Not Green
809,2019-07-03 16:02:51.400,0.6,L0P1,Not Green
810,2019-07-03 16:03:51.600,1.1,L0P1,Not Green
811,2019-07-03 16:03:59.500,0.1,L0P1,Not Green
812,2019-07-03 16:04:01.600,0.1,L0P1,Not Green
813,2019-07-03 16:04:25.100,0.1,L0P1,Not Green
814,2019-07-03 16:05:42.000,0.1,L1P0,Not Green
815,2019-07-03 16:06:05.700,0.3,L0P1,Not Green
816,2019-07-03 16:07:14.900,0.3,L0P1,Not Green
817,2019-07-03 16:07:27.300,0.1,L1P0,Not Green
818,2019-07-03 16:07:30.600,0.1,L0P1,Not Green
819,2019-07-03 16:07:41.600,0.1,L0P1,During Green
820,2019-07-03 16:08:10.900,0.3,L0P1,Not Green
821,2019-07-03 16:08:54.800,0.1,L0P1,Not Green
822,2019-07-03 16:09:00.100,0.5,L0P1,Not Green
823,2019-07-03 16:09:52.100,0.1,L1P0,During Green
824,2019-07-03 16:10:04.100,0.5,L0P1,Not Green
825,2019-07-03 16:10:36.100,0.1,L1P0,Not Green
826,2019-07-03 16:10:38.700,0.2,L0P1,During Green
827,2019-07-03 16:10:58.000,0.4,L0P1,Not Green
828,2019-07-03 16:11:37.000,0.4,L1P0,During Green
830,2019-07-03 16:13:53.800,0.1,L0P1,Not Green
831,2019-07-03 16:14:17.800,0.1,L0P1,Not Green
832,2019-07-03 16:14:20.000,0.3,L0P1,Not Green
833,2019-07-03 16:14:36.000,0.1,L1P0,Not Green
834,2019-07-03 16:14:38.800,0.1,L0P1,During Green
835,2019-07-03 16:14:59.200,0.1,L1P0,Not Green
836,2019-07-03 16:15:01.600,0.1,L0P1,Not Green
837,2019-07-03 16:15:23.000,0.2,L1P0,Not Green
838,2019-07-03 16:15:54.500,0.9,L0P1,During Green
839,2019-07-03 16:16:14.600,0.1,L0P1,Not Green
840,2019-07-03 16:16:19.400,0.1,L1P0,Not Green
841,2019-07-03 16:16:21.700,0.2,L0P1,Not Green
842,2019-07-03 16:16:29.700,0.1,L1P0,Not Green
843,2019-07-03 16:16:32.000,0.3,L0P1,Not Green
844,2019-07-03 16:17:07.000,0.3,L0P1,Not Green
845,2019-07-03 16:17:15.900,0.1,L0P1,Not Green
846,2019-07-03 16:17:19.200,0.5,L0P1,Not Green
847,2019-07-03 16:17:22.000,0.2,L1P0,Not Green
848,2019-07-03 16:17:25.300,0.2,L0P1,Not Green
849,2019-07-03 16:18:04.600,0.1,L1P0,Not Green
850,2019-07-03 16:18:08.700,0.2,L0P1,Not Green
851,2019-07-03 16:18:21.200,0.1,L0P1,Not Green
852,2019-07-03 16:18:23.200,0.2,L0P1,Not Green
853,2019-07-03 16:18:52.900,0.1,L1P0,Not Green
854,2019-07-03 16:18:55.600,0.1,L0P1,During Green
855,2019-07-03 16:20:21.400,0.1,L0P1,Not Green
856,2019-07-03 16:20:23.600,0.2,L0P1,Not Green
857,2019-07-03 16:21:00.300,0.1,L1P0,Not Green
858,2019-07-03 16:21:02.600,1.5,L0P1,Not Green
859,2019-07-03 16:21:34.800,0.1,L1P0,During Green
860,2019-07-03 16:21:37.900,0.3,L0P1,During Green
861,2019-07-03 16:23:21.700,0.2,L0P1,Not Green
862,2019-07-03 16:23:59.800,0.2,L0P1,Not Green
863,2019-07-03 16:25:01.600,0.1,L1P0,Not Green
864,2019-07-03 16:25:18.900,0.2,L0P1,During Green
865,2019-07-03 16:25:36.900,0.1,L1P0,Not Green
866,2019-07-03 16:25:52.200,0.5,L0P1,During Green
867,2019-07-03 16:27:58.100,0.4,L0P1,Not Green
868,2019-07-03 16:28:30.400,0.2,L0P1,Not Green
869,2019-07-03 16:29:25.300,0.5,L0P1,Not Green
870,2019-07-03 16:30:34.800,0.3,L0P1,Not Green
871,2019-07-03 16:31:36.800,0.9,L0P1,Not Green
872,2019-07-03 16:32:20.100,0.2,L0P1,Not Green
873,2019-07-03 16:32:31.500,0.3,L0P1,Not Green
874,2019-07-03 16:32:45.700,0.7,L0P1,Not Green
875,2019-07-03 16:33:55.500,0.1,L1P0,During Green
876,2019-07-03 16:33:58.400,0.3,L0P1,Not Green
877,2019-07-03 16:34:46.100,0.1,L1P0,Not Green
878,2019-07-03 16:34:51.600,1.2,L0P1,Not Green
879,2019-07-03 16:36:43.600,0.1,L1P0,Not Green
880,2019-07-03 16:36:52.700,0.5,L0P1,Not Green
881,2019-07-03 16:38:04.200,0.2,L0P1,Not Green
882,2019-07-03 16:39:48.100,0.6,L0P1,Not Green
883,2019-07-03 16:40:21.100,0.2,L0P1,Not Green
884,2019-07-03 16:40:32.100,0.2,L0P1,Not Green
885,2019-07-03 16:41:57.000,0.3,L0P1,Not Green
886,2019-07-03 16:42:50.600,0.1,L1P0,During Green
887,2019-07-03 16:42:52.600,0.9,L0P1,Not Green
888,2019-07-03 16:43:34.100,0.8,L0P1,Not Green
889,2019-07-03 16:45:19.600,0.2,L0P1,Not Green
890,2019-07-03 16:45:50.600,1.1,L0P1,Not Green
891,2019-07-03 16:46:09.500,0.1,L0P1,Not Green
892,2019-07-03 16:46:11.600,0.1,L0P1,Not Green
893,2019-07-03 16:46:15.200,0.2,L0P1,Not Green
894,2019-07-03 16:46:27.900,0.1,L1P0,Not Green
895,2019-07-03 16:46:30.100,0.2,L0P1,Not Green
896,2019-07-03 16:47:38.000,0.3,L0P1,Not Green
897,2019-07-03 16:47:44.000,0.2,L0P1,Not Green
898,2019-07-03 16:47:47.300,0.3,L0P1,Not Green
899,2019-07-03 16:47:53.200,0.2,L0P1,Not Green
900,2019-07-03 16:48:20.600,0.4,L0P1,Not Green
901,2019-07-03 16:48:36.800,0.1,L1P0,Not Green
902,2019-07-03 16:48:40.600,0.6,L0P1,Not Green
903,2019-07-03 16:49:03.500,0.1,L1P0,Not Green
904,2019-07-03 16:49:49.600,0.1,L0P1,During Green
905,2019-07-03 16:50:03.600,0.3,L0P1,Not Green
906,2019-07-03 16:52:22.400,0.2,L0P1,Not Green
907,2019-07-03 16:52:24.600,0.3,L0P1,Not Green
908,2019-07-03 16:52:31.800,0.2,L0P1,Not Green
909,2019-07-03 16:53:12.600,0.2,L0P1,Not Green
910,2019-07-03 16:53:27.000,0.1,L1P0,During Green
911,2019-07-03 16:53:29.300,0.2,L0P1,Not Green
912,2019-07-03 16:53:29.900,0.1,L1P0,Not Green
913,2019-07-03 16:53:32.000,0.1,L0P1,Not Green
914,2019-07-03 16:54:05.000,0.1,L1P0,Not Green
915,2019-07-03 16:54:07.100,0.3,L0P1,Not Green
916,2019-07-03 16:54:29.500,0.2,L0P1,Not Green
917,2019-07-03 16:56:40.900,0.6,L0P1,During Green
918,2019-07-03 16:56:55.600,0.1,L1P0,During Green
919,2019-07-03 16:57:00.600,0.7,L0P1,Not Green
920,2019-07-03 16:57:29.600,0.3,L0P1,During Green
921,2019-07-03 16:59:10.600,2.5,L0P1,Not Green
922,2019-07-03 17:00:38.000,0.1,L1P0,Not Green
923,2019-07-03 17:00:40.800,0.5,L0P1,Not Green
924,2019-07-03 17:00:45.500,0.1,L1P0,Not Green
925,2019-07-03 17:00:52.900,0.2,L0P1,Not Green
926,2019-07-03 17:00:58.600,0.1,L1P0,Not Green
927,2019-07-03 17:01:25.200,0.2,L0P1,During Green
928,2019-07-03 17:02:57.000,0.8,L0P1,During Green
929,2019-07-03 17:03:40.300,0.7,L0P1,During Green
930,2019-07-03 17:05:34.700,0.2,L0P1,Not Green
931,2019-07-03 17:07:12.200,0.3,L0P1,Not Green
932,2019-07-03 17:07:41.400,0.4,L0P1,During Green
933,2019-07-03 17:08:01.100,0.1,L1P0,Not Green
934,2019-07-03 17:08:02.800,0.2,L0P1,Not Green
935,2019-07-03 17:08:04.400,0.1,L1P0,Not Green
936,2019-07-03 17:08:06.300,0.1,L0P1,Not Green
937,2019-07-03 17:08:30.300,0.3,L0P1,Not Green
938,2019-07-03 17:09:16.600,0.2,L0P1,Not Green
939,2019-07-03 17:10:46.000,0.2,L0P1,Not Green
940,2019-07-03 17:10:56.600,0.2,L1P0,During Green
941,2019-07-03 17:10:59.800,0.5,L0P1,During Green
942,2019-07-03 17:11:35.300,0.4,L0P1,During Green
943,2019-07-03 17:11:37.200,0.1,L0P1,During Green
944,2019-07-03 17:11:48.600,0.7,L0P1,Not Green
945,2019-07-03 17:12:06.500,0.1,L0P1,Not Green
946,2019-07-03 17:12:08.600,0.1,L0P1,Not Green
947,2019-07-03 17:13:35.500,0.1,L0P1,During Green
948,2019-07-03 17:13:38.200,0.1,L0P1,Not Green
949,2019-07-03 17:16:37.800,0.1,L0P1,During Green
950,2019-07-03 17:17:12.000,0.3,L0P1,During Green
951,2019-07-03 17:19:15.600,0.1,L1P0,During Green
952,2019-07-03 17:19:17.700,0.4,L0P1,During Green
953,2019-07-03 17:19:53.300,0.1,L1P0,Not Green
954,2019-07-03 17:19:57.000,0.1,L0P1,During Green
955,2019-07-03 17:23:23.800,0.1,L1P0,During Green
956,2019-07-03 17:23:26.600,0.4,L0P1,Not Green
957,2019-07-03 17:23:44.000,0.3,L0P1,Not Green
958,2019-07-03 17:23:48.200,0.1,L1P0,Not Green
959,2019-07-03 17:23:49.600,0.6,L0P1,Not Green
960,2019-07-03 17:23:50.500,0.1,L0P1,Not Green
961,2019-07-03 17:23:52.200,0.3,L0P1,Not Green
962,2019-07-03 17:24:04.200,0.1,L1P0,Not Green
963,2019-07-03 17:24:06.000,0.3,L0P1,Not Green
964,2019-07-03 17:24:42.000,0.3,L1P0,Not Green
965,2019-07-03 17:24:44.900,0.5,L0P1,Not Green
966,2019-07-03 17:25:28.100,0.1,L1P0,During Green
967,2019-07-03 17:25:30.300,0.2,L0P1,Not Green
968,2019-07-03 17:25:41.400,0.1,L1P0,Not Green
969,2019-07-03 17:25:57.300,0.3,L0P1,During Green
970,2019-07-03 17:27:17.000,1.1,L0P1,Not Green
971,2019-07-03 17:28:27.200,0.1,L1P0,Not Green
972,2019-07-03 17:28:29.200,0.2,L0P1,Not Green
973,2019-07-03 17:30:25.500,0.3,L0P1,Not Green
974,2019-07-03 17:31:21.800,0.1,L1P0,During Green
975,2019-07-03 17:31:24.500,0.3,L0P1,Not Green
976,2019-07-03 17:32:10.100,0.2,L0P1,Not Green
977,2019-07-03 17:33:16.700,0.1,L1P0,Not Green
978,2019-07-03 17:33:27.800,0.4,L0P1,During Green
979,2019-07-03 17:34:48.300,0.1,L1P0,Not Green
980,2019-07-03 17:34:50.400,0.3,L0P1,Not Green
981,2019-07-03 17:36:36.000,0.1,L1P0,Not Green
982,2019-07-03 17:36:38.300,0.2,L0P1,During Green
983,2019-07-03 17:36:51.400,0.1,L1P0,Not Green
984,2019-07-03 17:36:56.500,0.6,L0P1,Not Green
985,2019-07-03 17:40:52.100,0.2,L0P1,Not Green
986,2019-07-03 17:42:57.100,0.1,L1P0,During Green
987,2019-07-03 17:43:29.000,0.5,L0P1,During Green
988,2019-07-03 17:43:30.400,0.1,L1P0,During Green
989,2019-07-03 17:43:33.500,0.2,L0P1,Not Green
990,2019-07-03 17:44:33.000,0.2,L0P1,During Green
991,2019-07-03 17:45:22.000,0.2,L1P0,Not Green
992,2019-07-03 17:45:26.000,0.6,L0P1,During Green
993,2019-07-03 17:46:06.100,0.1,L1P0,Not Green
994,2019-07-03 17:46:08.000,0.2,L0P1,Not Green
995,2019-07-03 17:47:19.600,0.1,L1P0,Not Green
996,2019-07-03 17:47:21.900,0.1,L0P1,Not Green
997,2019-07-03 17:47:27.600,0.2,L0P1,Not Green
998,2019-07-03 17:48:47.000,0.3,L0P1,Not Green
999,2019-07-03 17:49:13.900,0.2,L1P0,Not Green
1000,2019-07-03 17:49:20.500,0.3,L0P1,Not Green
1001,2019-07-03 17:52:39.000,0.1,L1P0,During Green
1002,2019-07-03 17:52:41.200,0.2,L0P1,Not Green
1003,2019-07-03 17:52:43.900,0.1,L1P0,Not Green
1004,2019-07-03 17:52:46.400,0.2,L0P1,Not Green
1005,2019-07-03 17:53:18.500,0.1,L0P1,Not Green
1006,2019-07-03 17:53:33.000,0.3,L0P1,During Green
1007,2019-07-03 17:54:14.300,0.2,L0P1,Not Green
1008,2019-07-03 17:56:24.400,0.1,L0P1,Not Green
1009,2019-07-03 17:56:52.100,0.1,L1P0,Not Green
1010,2019-07-03 17:56:55.000,0.2,L0P1,During Green
1011,2019-07-03 17:56:58.400,0.1,L1P0,During Green
1012,2019-07-03 17:57:01.600,0.4,L0P1,Not Green
1013,2019-07-03 17:57:45.200,0.1,L1P0,Not Green
1015,2019-07-03 17:58:31.000,0.1,L1P0,Not Green
1016,2019-07-03 17:58:33.000,0.3,L0P1,During Green
1017,2019-07-03 17:59:24.700,0.2,L1P0,During Green
1018,2019-07-03 17:59:28.000,0.2,L0P1,Not Green
1019,2019-07-03 18:01:00.700,0.1,L1P0,During Green
1020,2019-07-03 18:01:03.700,0.3,L0P1,Not Green
1021,2019-07-03 18:01:47.700,0.1,L1P0,Not Green
1022,2019-07-03 18:01:50.700,0.3,L0P1,Not Green
1023,2019-07-03 18:01:56.100,0.2,L0P1,Not Green
1024,2019-07-03 18:05:05.800,0.2,L1P0,Not Green
1025,2019-07-03 18:05:08.300,0.2,L0P1,Not Green
1026,2019-07-03 18:05:19.000,0.2,L0P1,During Green
1027,2019-07-03 18:08:40.800,0.2,L0P1,Not Green
1028,2019-07-03 18:09:11.900,0.1,L0P1,Not Green
1029,2019-07-03 18:09:31.200,0.1,L1P0,Not Green
1030,2019-07-03 18:09:34.200,0.6,L0P1,Not Green
1031,2019-07-03 18:10:06.900,0.1,L1P0,Not Green
1033,2019-07-03 18:12:29.700,0.1,L1P0,Not Green
1034,2019-07-03 18:12:35.900,0.4,L0P1,Not Green
1035,2019-07-03 18:13:16.000,0.1,L1P0,Not Green
1036,2019-07-03 18:13:18.400,0.2,L0P1,Not Green
1037,2019-07-03 18:13:47.000,0.3,L0P1,During Green
1038,2019-07-03 18:15:07.000,0.1,L0P1,Not Green
1039,2019-07-03 18:15:36.400,0.8,L0P1,During Green
1040,2019-07-03 18:15:43.900,0.1,L1P0,Not Green
1041,2019-07-03 18:15:46.100,0.2,L0P1,Not Green
1042,2019-07-03 18:16:42.100,0.3,L0P1,Not Green
1043,2019-07-03 18:18:54.700,0.1,L1P0,Not Green
1044,2019-07-03 18:18:57.000,0.1,L0P1,Not Green
1045,2019-07-03 18:19:57.600,0.1,L1P0,Not Green
1046,2019-07-03 18:20:00.000,0.2,L0P1,Not Green
1047,2019-07-03 18:20:40.300,0.1,L1P0,Not Green
1048,2019-07-03 18:20:42.400,0.3,L0P1,Not Green
1049,2019-07-03 18:23:49.900,0.2,L1P0,Not Green
1050,2019-07-03 18:23:58.000,0.1,L0P1,During Green
1051,2019-07-03 18:24:05.100,0.3,L0P1,Not Green
1052,2019-07-03 18:24:38.400,0.1,L1P0,Not Green
1053,2019-07-03 18:24:42.400,0.2,L0P1,Not Green
1054,2019-07-03 18:25:00.000,4.0,L0P1,Not Green
1055,2019-07-03 18:26:12.200,0.1,L1P0,Not Green
1056,2019-07-03 18:26:16.000,0.3,L0P1,During Green
1057,2019-07-03 18:26:41.700,0.1,L1P0,Not Green
1058,2019-07-03 18:26:47.700,0.7,L0P1,During Green
1059,2019-07-03 18:27:39.800,0.2,L0P1,Not Green
1060,2019-07-03 18:29:15.800,0.4,L0P1,During Green
1061,2019-07-03 18:29:43.200,0.1,L0P1,Not Green
1062,2019-07-03 18:32:51.000,0.1,L0P1,Not Green
1063,2019-07-03 18:32:53.000,0.3,L0P1,Not Green
1064,2019-07-03 18:32:58.100,0.1,L0P1,Not Green
1065,2019-07-03 18:33:00.200,0.3,L0P1,Not Green
1066,2019-07-03 18:34:35.400,0.3,L0P1,Not Green
1067,2019-07-03 18:35:17.000,0.6,L0P1,Not Green
1068,2019-07-03 18:35:34.000,2.8,L0P1,Not Green
1069,2019-07-03 18:35:50.100,0.1,L1P0,Not Green
1070,2019-07-03 18:35:52.200,0.1,L0P1,Not Green
1071,2019-07-03 18:36:53.800,0.1,L1P0,Not Green
1072,2019-07-03 18:36:56.000,0.2,L0P1,Not Green
1073,2019-07-03 18:37:33.500,0.1,L0P1,Not Green
1074,2019-07-03 18:37:35.700,0.4,L0P1,Not Green
1075,2019-07-03 18:39:04.400,0.1,L1P0,Not Green
1076,2019-07-03 18:39:07.400,0.1,L0P1,Not Green
1077,2019-07-03 18:43:15.900,0.1,L0P1,During Green
1079,2019-07-03 18:45:26.700,0.1,L1P0,Not Green
1080,2019-07-03 18:45:29.300,0.1,L0P1,Not Green
1081,2019-07-03 18:46:21.500,0.2,L0P1,Not Green
1082,2019-07-03 18:46:44.100,0.1,L1P0,During Green
1083,2019-07-03 18:46:47.000,0.2,L0P1,Not Green
1084,2019-07-03 18:46:50.200,0.1,L1P0,Not Green
1085,2019-07-03 18:46:54.300,0.1,L0P1,During Green
1086,2019-07-03 18:47:29.400,0.1,L0P1,Not Green
1087,2019-07-03 18:47:31.500,0.3,L0P1,Not Green
1088,2019-07-03 18:48:05.800,0.1,L1P0,During Green
1089,2019-07-03 18:48:08.000,0.7,L0P1,Not Green
1090,2019-07-03 18:50:38.300,0.3,L0P1,Not Green
1091,2019-07-03 18:51:56.100,0.3,L0P1,Not Green
1092,2019-07-03 18:52:25.600,2.1,L0P1,Not Green
1093,2019-07-03 18:52:54.900,0.1,L0P1,Not Green
1094,2019-07-03 18:52:57.000,0.3,L0P1,Not Green
1095,2019-07-03 18:55:56.400,0.1,L1P0,Not Green
1096,2019-07-03 18:57:11.000,0.2,L0P1,Not Green
1097,2019-07-03 19:00:42.000,0.1,L1P0,Not Green
1098,2019-07-03 19:00:45.000,0.3,L0P1,Not Green
1099,2019-07-03 19:01:02.000,0.5,L0P1,Not Green
1100,2019-07-03 19:01:06.500,0.1,L1P0,Not Green
1101,2019-07-03 19:01:08.600,0.2,L0P1,Not Green
1102,2019-07-03 19:01:15.900,0.1,L1P0,Not Green
1103,2019-07-03 19:01:17.600,0.2,L0P1,Not Green
1104,2019-07-03 19:03:34.700,0.1,L1P0,During Green
1105,2019-07-03 19:03:37.300,0.1,L0P1,Not Green
1106,2019-07-03 19:03:40.100,0.1,L1P0,Not Green
1107,2019-07-03 19:03:41.600,0.2,L0P1,Not Green
1108,2019-07-03 19:04:17.300,0.1,L1P0,During Green
1109,2019-07-03 19:04:37.000,0.9,L0P1,Not Green
1110,2019-07-03 19:04:54.800,0.2,L0P1,Not Green
1111,2019-07-03 19:05:38.600,0.2,L0P1,Not Green
1112,2019-07-03 19:08:37.800,0.1,L1P0,During Green
1113,2019-07-03 19:08:39.800,0.2,L0P1,Not Green
1114,2019-07-03 19:09:18.100,0.2,L0P1,Not Green
1115,2019-07-03 19:11:23.300,0.1,L1P0,Not Green
1116,2019-07-03 19:11:25.200,0.2,L0P1,Not Green
1117,2019-07-03 19:12:13.200,0.1,L1P0,Not Green
1118,2019-07-03 19:12:17.000,1.1,L0P1,Not Green
1119,2019-07-03 19:13:45.300,0.1,L0P1,During Green
1120,2019-07-03 19:13:57.700,0.9,L0P1,Not Green
1121,2019-07-03 19:14:23.800,0.2,L0P1,During Green
1122,2019-07-03 19:14:26.500,0.2,L0P1,Not Green
1123,2019-07-03 19:16:09.000,0.1,L1P0,Not Green
1124,2019-07-03 19:16:11.300,0.2,L0P1,Not Green
1125,2019-07-03 19:16:16.400,0.1,L1P0,During Green
1126,2019-07-03 19:16:18.600,0.1,L0P1,Not Green
1127,2019-07-03 19:16:25.500,0.4,L0P1,Not Green
1128,2019-07-03 19:18:50.800,0.1,L1P0,Not Green
1129,2019-07-03 19:18:54.000,0.2,L0P1,Not Green
1130,2019-07-03 19:19:47.000,0.1,L0P1,Not Green
1131,2019-07-03 19:19:51.700,0.1,L1P0,Not Green
1132,2019-07-03 19:19:54.900,0.2,L0P1,During Green
1133,2019-07-03 19:20:07.700,0.2,L0P1,Not Green
1134,2019-07-03 19:22:48.600,0.1,L1P0,Not Green
1135,2019-07-03 19:22:51.300,0.3,L0P1,Not Green
1136,2019-07-03 19:23:15.600,0.1,L1P0,Not Green
1137,2019-07-03 19:23:17.900,0.3,L0P1,Not Green
1138,2019-07-03 19:23:25.300,0.2,L0P1,Not Green
1139,2019-07-03 19:26:12.100,0.2,L0P1,During Green
1140,2019-07-03 19:26:47.100,0.5,L0P1,Not Green
1141,2019-07-03 19:27:02.700,0.4,L0P1,Not Green
1142,2019-07-03 19:27:33.200,0.1,L1P0,Not Green
1143,2019-07-03 19:27:36.300,0.4,L0P1,Not Green
1144,2019-07-03 19:30:02.800,0.2,L0P1,Not Green
1145,2019-07-03 19:31:28.200,0.1,L1P0,Not Green
1146,2019-07-03 19:31:30.600,0.3,L0P1,Not Green
1147,2019-07-03 19:31:49.700,0.3,L0P1,During Green
1148,2019-07-03 19:34:14.400,1.7,L0P1,Not Green
1149,2019-07-03 19:34:55.800,0.1,L1P0,During Green
1150,2019-07-03 19:34:59.400,0.3,L0P1,During Green
1151,2019-07-03 19:40:54.300,0.1,L1P0,Not Green
1152,2019-07-03 19:40:56.100,0.3,L0P1,Not Green
1153,2019-07-03 19:44:18.000,0.1,L1P0,Not Green
1154,2019-07-03 19:44:20.900,0.1,L1P0,During Green
1155,2019-07-03 19:54:37.900,0.1,L0P1,Not Green
1156,2019-07-03 19:54:41.500,0.3,L0P1,Not Green
1157,2019-07-03 19:54:44.100,0.1,L1P0,Not Green
1158,2019-07-03 19:54:47.100,0.2,L1P0,Not Green
1159,2019-07-03 19:54:56.600,0.2,L1P0,Not Green
1160,2019-07-03 19:55:01.700,0.1,L1P0,Not Green
1161,2019-07-03 19:55:04.300,0.4,L0P1,Not Green
1162,2019-07-03 19:58:04.500,0.1,L0P1,Not Green
1163,2019-07-03 19:58:24.800,0.5,L0P1,Not Green
1164,2019-07-03 20:00:19.100,0.1,L0P1,During Green
1165,2019-07-03 20:00:24.400,0.2,L0P1,Not Green
1166,2019-07-03 20:01:59.300,0.1,L1P0,Not Green
1167,2019-07-03 20:02:02.800,0.2,L0P1,Not Green
1168,2019-07-03 20:02:05.300,0.1,L1P0,During Green
1169,2019-07-03 20:02:13.700,0.3,L0P1,Not Green
1170,2019-07-03 20:03:42.400,0.1,L1P0,Not Green
1171,2019-07-03 20:03:44.100,0.2,L0P1,Not Green
1172,2019-07-03 20:05:18.200,0.2,L0P1,During Green
1173,2019-07-03 20:05:56.700,0.1,L1P0,Not Green
1174,2019-07-03 20:06:04.000,0.2,L0P1,Not Green
1175,2019-07-03 20:09:08.200,0.1,L1P0,During Green
1176,2019-07-03 20:09:11.100,0.2,L0P1,Not Green
1177,2019-07-03 20:10:44.100,0.4,L0P1,During Green
1178,2019-07-03 20:13:34.100,0.2,L0P1,During Green
1179,2019-07-03 20:13:42.600,0.1,L0P1,Not Green
1180,2019-07-03 20:13:46.300,1.0,L0P1,Not Green
1181,2019-07-03 20:13:52.100,0.4,L0P1,Not Green
1182,2019-07-03 20:13:53.600,0.1,L1P0,During Green
1183,2019-07-03 20:13:56.000,0.7,L0P1,Not Green
1184,2019-07-03 20:14:07.600,0.1,L1P0,During Green
1185,2019-07-03 20:14:09.600,0.3,L0P1,Not Green
1186,2019-07-03 20:15:10.000,0.4,L0P1,Not Green
1187,2019-07-03 20:15:32.000,0.5,L0P1,Not Green
1188,2019-07-03 20:19:31.600,0.3,L0P1,During Green
1189,2019-07-03 20:23:45.900,0.1,L1P0,Not Green
1190,2019-07-03 20:25:02.100,0.2,L1P0,During Green
1191,2019-07-03 20:25:05.200,0.3,L0P1,Not Green
1192,2019-07-03 20:25:33.100,0.1,L1P0,Not Green
1193,2019-07-03 20:25:35.200,0.5,L0P1,Not Green
1194,2019-07-03 20:29:33.600,0.1,L1P0,Not Green
1195,2019-07-03 20:29:40.200,0.3,L0P1,During Green
1196,2019-07-03 20:29:51.700,0.1,L0P1,Not Green
1197,2019-07-03 20:30:08.400,0.1,L1P0,During Green
1198,2019-07-03 20:30:12.600,0.1,L0P1,During Green
1199,2019-07-03 20:31:26.000,0.1,L1P0,During Green
1200,2019-07-03 20:31:29.400,0.3,L0P1,During Green
1201,2019-07-03 20:31:57.700,0.1,L0P1,During Green
1202,2019-07-03 20:32:00.800,0.5,L0P1,During Green
1203,2019-07-03 20:33:29.600,0.3,L0P1,During Green
1204,2019-07-03 20:33:44.100,0.3,L0P1,Not Green
1205,2019-07-03 20:33:49.900,0.4,L0P1,Not Green
1206,2019-07-03 20:34:52.900,0.1,L0P1,Not Green
1207,2019-07-03 20:34:57.000,0.7,L0P1,Not Green
1208,2019-07-03 20:36:00.700,0.2,L1P0,During Green
1209,2019-07-03 20:36:06.100,0.2,L0P1,Not Green
1210,2019-07-03 20:39:38.500,0.1,L1P0,During Green
1211,2019-07-03 20:39:41.700,1.0,L0P1,Not Green
1212,2019-07-03 20:39:59.500,0.1,L1P0,During Green
1213,2019-07-03 20:40:16.300,0.3,L0P1,During Green
1214,2019-07-03 20:41:26.200,0.1,L1P0,Not Green
1215,2019-07-03 20:41:29.500,0.2,L0P1,Not Green
1216,2019-07-03 20:45:36.300,0.1,L1P0,Not Green
1217,2019-07-03 20:45:38.100,0.1,L0P1,Not Green
1218,2019-07-03 20:51:12.300,0.1,L1P0,During Green
1219,2019-07-03 20:56:54.100,0.1,L0P1,Not Green
1220,2019-07-03 21:02:23.400,0.2,L0P1,During Green
1221,2019-07-03 21:02:50.300,0.1,L1P0,During Green
1222,2019-07-03 21:02:53.000,0.1,L0P1,Not Green
1223,2019-07-03 21:04:42.200,0.3,L0P1,Not Green
1224,2019-07-03 21:05:54.700,0.2,L0P1,Not Green
1225,2019-07-03 21:14:48.500,0.5,L0P1,During Green
1226,2019-07-03 21:16:08.400,0.1,L1P0,During Green
1227,2019-07-03 21:16:10.700,0.2,L0P1,Not Green
1228,2019-07-03 21:16:29.600,0.1,L1P0,During Green
1229,2019-07-03 21:16:31.700,0.3,L0P1,Not Green
1230,2019-07-03 21:20:56.400,0.1,L1P0,During Green
1231,2019-07-03 21:20:58.400,0.9,L0P1,Not Green
1232,2019-07-03 21:24:18.300,0.1,L1P0,During Green
1233,2019-07-03 21:24:24.100,0.4,L0P1,During Green
1234,2019-07-03 21:24:52.500,0.3,L0P1,Not Green
1235,2019-07-03 21:25:30.100,0.1,L1P0,During Green
1236,2019-07-03 21:25:32.000,0.1,L0P1,Not Green
1237,2019-07-03 21:33:25.300,0.1,L1P0,During Green
1238,2019-07-03 21:33:35.600,0.4,L0P1,During Green
1239,2019-07-03 21:35:03.000,0.1,L1P0,During Green
1240,2019-07-03 21:35:05.700,0.2,L0P1,Not Green
1241,2019-07-03 21:41:36.900,0.1,L0P1,Not Green
1242,2019-07-03 21:41:39.200,0.4,L0P1,Not Green
1243,2019-07-03 21:45:44.100,0.4,L0P1,Not Green
1244,2019-07-03 21:46:42.200,0.1,L1P0,Not Green
1245,2019-07-03 21:46:44.700,0.4,L0P1,Not Green
1246,2019-07-03 22:10:56.000,0.6,L0P1,Not Green
1247,2019-07-03 22:12:21.500,0.3,L0P1,Not Green
1248,2019-07-03 22:18:26.300,0.1,L1P0,During Green
1249,2019-07-03 22:18:28.700,0.4,L0P1,Not Green
1250,2019-07-03 22:19:14.100,0.1,L1P0,Not Green
1251,2019-07-03 22:19:17.400,0.6,L0P1,During Green
1252,2019-07-03 22:20:09.700,0.2,L0P1,Not Green
1253,2019-07-03 22:32:00.700,0.2,L0P1,Not Green
1254,2019-07-03 22:40:08.600,0.2,L1P0,During Green
1255,2019-07-03 22:40:10.700,0.3,L0P1,Not Green
1256,2019-07-03 22:48:26.100,0.1,L0P1,During Green
1258,2019-07-03 22:52:44.400,0.1,L1P0,During Green
1259,2019-07-03 22:52:46.300,0.2,L0P1,Not Green
1260,2019-07-03 22:55:51.200,0.4,L0P1,Not Green
1261,2019-07-03 22:59:37.400,0.1,L0P1,During Green
1262,2019-07-03 22:59:53.000,0.3,L0P1,During Green
1263,2019-07-03 23:02:12.600,0.2,L0P1,Not Green
1264,2019-07-03 23:07:29.300,0.1,L1P0,During Green
1265,2019-07-03 23:07:31.100,0.2,L0P1,Not Green
1266,2019-07-03 23:09:01.100,0.2,L0P1,Not Green
1267,2019-07-03 23:09:24.700,0.1,L1P0,During Green
1268,2019-07-03 23:09:27.000,0.8,L0P1,During Green
1269,2019-07-03 23:10:04.500,0.2,L0P1,Not Green
1270,2019-07-03 23:10:10.000,0.2,L0P1,Not Green
1271,2019-07-03 23:21:04.300,0.1,L1P0,During Green
1272,2019-07-03 23:21:06.000,0.4,L0P1,Not Green
1273,2019-07-03 23:51:44.500,0.4,L0P1,Not Green
1274,2019-07-03 23:55:25.100,0.1,L1P0,During Green
1275,2019-07-03 23:55:27.000,0.5,L0P1,Not Green
